Date;Branch;Sales
2011-01-02;1234;987,811968
2011-01-03;1234;1554,242976
2011-01-04;1234;1436,113536
2011-01-05;1234;1371,166368
2011-01-06;1234;1496,228448
2011-01-07;1234;1756,387776
2011-01-08;1234;1471,394496
2011-01-09;1234;1088,932416
2011-01-10;1234;1538,181216
2011-01-11;1234;1650,503712
2011-01-12;1234;1535,078688
2011-01-13;1234;1634,6616
2011-01-14;1234;1745,542656
2011-01-15;1234;1792,066848
2011-01-16;1234;1183,463424
2011-01-17;1234;1690,644384
2011-01-18;1234;1619,025408
2011-01-19;1234;1522,91568
2011-01-20;1234;1873,73472
2011-01-21;1234;1907,189856
2011-01-22;1234;1801,333248
2011-01-23;1234;1229,383584
2011-01-24;1234;1636,803168
2011-01-25;1234;1570,949952
2011-01-26;1234;1752,845952
2011-01-27;1234;1724,497632
2011-01-28;1234;2013,019008
2011-01-29;1234;1834,898208
2011-01-30;1234;1388,559744
2011-01-31;1234;1655,651712
2011-02-01;1234;1937,84448
2011-02-02;1234;1661,939136
2011-02-03;1234;1562,013024
2011-02-04;1234;1825,151328
2011-02-05;1234;1667,2656
2011-02-06;1234;1249,055808
2011-02-07;1234;1558,128
2011-02-08;1234;1744,76016
2011-02-09;1234;1642,884672
2011-02-10;1234;1618,997952
2011-02-11;1234;1946,08128
2011-02-12;1234;1853,266272
2011-02-13;1234;1282,579584
2011-02-14;1234;1814,196384
2011-02-15;1234;1545,923808
2011-02-16;1234;1551,9504
2011-02-17;1234;1576,811808
2011-02-18;1234;1925,791296
2011-02-19;1234;1817,738208
2011-02-20;1234;1280,932224
2011-02-21;1234;1557,798528
2011-02-22;1234;1522,270464
2011-02-23;1234;1507,759968
2011-02-24;1234;1702,6152
2011-02-25;1234;2088,825024
2011-02-26;1234;1795,883232
2011-02-27;1234;1257,27888
2011-02-28;1234;1707,227808
2011-03-01;1234;1677,300768
2011-03-02;1234;1656,21456
2011-03-03;1234;1621,578816
2011-03-04;1234;1919,476416
2011-03-05;1234;1729,59072
2011-03-06;1234;1348,446528
2011-03-07;1234;1679,373696
2011-03-08;1234;1534,872768
2011-03-09;1234;1511,205696
2011-03-10;1234;1686,21024
2011-03-11;1234;1895,28768
2011-03-12;1234;1699,5264
2011-03-13;1234;1337,532768
2011-03-14;1234;1724,895744
2011-03-15;1234;1530,754368
2011-03-16;1234;1606,601568
2011-03-17;1234;1589,963232
2011-03-18;1234;1716,48048
2011-03-19;1234;1699,375392
2011-03-20;1234;1321,52592
2011-03-21;1234;1703,09568
2011-03-22;1234;1605,55824
2011-03-23;1234;1507,869792
2011-03-24;1234;1583,373792
2011-03-25;1234;1975,774944
2011-03-26;1234;1929,305664
2011-03-27;1234;1322,802624
2011-03-28;1234;1733,626752
2011-03-29;1234;1658,836608
2011-03-30;1234;1681,927104
2011-03-31;1234;1716,027456
2011-04-01;1234;1855,81968
2011-04-02;1234;1902,261504
2011-04-03;1234;1328,266368
2011-04-04;1234;1698,606624
2011-04-05;1234;1616,705376
2011-04-06;1234;1633,069152
2011-04-07;1234;1882,273536
2011-04-08;1234;1967,263584
2011-04-09;1234;1936,306944
2011-04-10;1234;1314,758016
2011-04-11;1234;1685,578752
2011-04-12;1234;1592,351904
2011-04-13;1234;1701,462048
2011-04-14;1234;1753,381344
2011-04-15;1234;1916,964192
2011-04-16;1234;1973,111712
2011-04-17;1234;1305,450432
2011-04-18;1234;1637,105184
2011-04-19;1234;1567,586592
2011-04-20;1234;1705,690272
2011-04-21;1234;2030,028
2011-04-23;1234;1843,217376
2011-04-24;1234;1006,633056
2011-04-26;1234;1630,392192
2011-04-27;1234;1413,84672
2011-04-28;1234;1649,446656
2011-04-29;1234;1771,680768
2011-04-30;1234;1928,660448
2011-05-02;1234;1864,248672
2011-05-03;1234;1700,226528
2011-05-04;1234;1739,419968
2011-05-05;1234;1759,79232
2011-05-06;1234;2015,627328
2011-05-07;1234;1969,913088
2011-05-08;1234;1459,670784
2011-05-09;1234;1639,589952
2011-05-10;1234;1477,448544
2011-05-11;1234;1691,275872
2011-05-12;1234;1684,260864
2011-05-13;1234;2087,383584
2011-05-14;1234;1762,977216
2011-05-15;1234;1228,10688
2011-05-16;1234;1783,157376
2011-05-17;1234;1609,40208
2011-05-18;1234;1655,953728
2011-05-19;1234;1715,409696
2011-05-20;1234;1971,107424
2011-05-21;1234;1709,904768
2011-05-22;1234;1094,245152
2011-05-23;1234;1613,3832
2011-05-24;1234;1535,902368
2011-05-25;1234;1698,263424
2011-05-26;1234;1786,809024
2011-05-27;1234;2048,601984
2011-05-28;1234;1959,150336
2011-05-29;1234;1253,215392
2011-05-30;1234;1514,802432
2011-05-31;1234;1693,843008
2011-06-01;1234;1881,683232
2011-06-03;1234;1910,5944
2011-06-04;1234;1432,640352
2011-06-05;1234;1126,684416
2011-06-06;1234;1659,811296
2011-06-07;1234;1595,454432
2011-06-08;1234;1539,416736
2011-06-09;1234;1690,836576
2011-06-10;1234;1941,152928
2011-06-11;1234;1894,010976
2011-06-12;1234;1034,569536
2011-06-14;1234;1875,9312
2011-06-15;1234;1525,084704
2011-06-16;1234;1480,77072
2011-06-17;1234;1890,400512
2011-06-18;1234;2074,149792
2011-06-19;1234;1250,016768
2011-06-20;1234;1824,31392
2011-06-21;1234;1962,197952
2011-06-22;1234;1942,566912
2011-06-23;1234;1889,17872
2011-06-24;1234;2215,548192
2011-06-25;1234;2289,459744
2011-06-26;1234;1569,357504
2011-06-27;1234;1949,801568
2011-06-28;1234;1828,144032
2011-06-29;1234;1713,981984
2011-06-30;1234;1806,069408
2011-07-01;1234;2200,378752
2011-07-02;1234;1799,507424
2011-07-03;1234;1152,273408
2011-07-04;1234;1762,249632
2011-07-05;1234;1651,725504
2011-07-06;1234;1501,966752
2011-07-07;1234;1558,581024
2011-07-08;1234;1828,08912
2011-07-09;1234;1770,349152
2011-07-10;1234;1224,619968
2011-07-11;1234;1689,36768
2011-07-12;1234;1612,641888
2011-07-13;1234;1666,702752
2011-07-14;1234;1569,357504
2011-07-15;1234;1936,114752
2011-07-16;1234;1826,469216
2011-07-17;1234;1239,22656
2011-07-18;1234;1726,43328
2011-07-19;1234;1572,47376
2011-07-20;1234;1560,66768
2011-07-21;1234;1675,214112
2011-07-22;1234;1966,288896
2011-07-23;1234;1793,851488
2011-07-24;1234;1358,371872
2011-07-25;1234;1750,580832
2011-07-26;1234;1660,511424
2011-07-27;1234;1674,486528
2011-07-28;1234;1694,062656
2011-07-29;1234;2025,003552
2011-07-30;1234;1781,235456
2011-07-31;1234;1489,639008
2011-08-01;1234;1568,01216
2011-08-02;1234;1669,750368
2011-08-03;1234;1572,322752
2011-08-04;1234;1724,950656
2011-08-05;1234;2005,79808
2011-08-06;1234;1900,861248
2011-08-07;1234;1437,623616
2011-08-08;1234;1584,870144
2011-08-09;1234;1476,85824
2011-08-10;1234;1715,876448
2011-08-11;1234;1855,75104
2011-08-12;1234;1923,279072
2011-08-13;1234;1969,995456
2011-08-14;1234;1565,390112
2011-08-15;1234;1774,659744
2011-08-16;1234;1592,99712
2011-08-17;1234;1757,431104
2011-08-18;1234;1890,125952
2011-08-19;1234;1900,02384
2011-08-20;1234;1907,560512
2011-08-21;1234;1435,111392
2011-08-22;1234;1572,967968
2011-08-23;1234;1583,058048
2011-08-24;1234;1650,544896
2011-08-25;1234;1649,96832
2011-08-26;1234;1817,573472
2011-08-27;1234;1950,968448
2011-08-28;1234;1514,95344
2011-08-29;1234;1689,532416
2011-08-30;1234;1572,212928
2011-08-31;1234;1762,496736
2011-09-01;1234;1705,964832
2011-09-02;1234;1932,463104
2011-09-03;1234;2054,038272
2011-09-04;1234;1424,746752
2011-09-05;1234;1749,77088
2011-09-06;1234;1806,014496
2011-09-07;1234;1692,497664
2011-09-08;1234;1762,524192
2011-09-09;1234;2120,028768
2011-09-10;1234;1920,75312
2011-09-11;1234;1457,77632
2011-09-12;1234;1619,917728
2011-09-13;1234;1681,638816
2011-09-14;1234;1799,040672
2011-09-15;1234;1666,414464
2011-09-16;1234;1920,808032
2011-09-17;1234;1954,977024
2011-09-18;1234;1399,610784
2011-09-19;1234;1657,51872
2011-09-20;1234;1563,00144
2011-09-21;1234;1643,200416
2011-09-22;1234;1808,52672
2011-09-23;1234;2078,638848
2011-09-24;1234;1966,220256
2011-09-25;1234;1422,316896
2011-09-26;1234;1783,692768
2011-09-27;1234;1751,14368
2011-09-28;1234;1875,409536
2011-09-29;1234;1672,89408
2011-09-30;1234;2171,165568
2011-10-01;1234;1926,093312
2011-10-02;1234;1643,831904
2011-10-04;1234;2048,69808
2011-10-05;1234;1808,664
2011-10-06;1234;1535,4768
2011-10-07;1234;1990,62864
2011-10-08;1234;2079,4488
2011-10-09;1234;1379,815008
2011-10-10;1234;1853,431008
2011-10-11;1234;1710,453888
2011-10-12;1234;1567,87488
2011-10-13;1234;1952,588352
2011-10-14;1234;2227,821024
2011-10-15;1234;1782,910272
2011-10-16;1234;1434,452448
2011-10-17;1234;1586,160576
2011-10-18;1234;1676,229984
2011-10-19;1234;1688,118432
2011-10-20;1234;1654,278912
2011-10-21;1234;1945,902816
2011-10-22;1234;1880,887008
2011-10-23;1234;1412,9544
2011-10-24;1234;1811,739072
2011-10-25;1234;1667,691168
2011-10-26;1234;1685,510112
2011-10-27;1234;1869,20448
2011-10-28;1234;2318,219904
2011-10-29;1234;2090,84304
2011-10-30;1234;1639,1232
2011-10-31;1234;1891,114368
2011-11-01;1234;1729,93392
2011-11-02;1234;1689,765792
2011-11-03;1234;1860,96768
2011-11-04;1234;2027,186304
2011-11-05;1234;2034,42096
2011-11-06;1234;1575,452736
2011-11-07;1234;1855,600032
2011-11-08;1234;1676,504544
2011-11-09;1234;1697,137728
2011-11-10;1234;1789,623264
2011-11-11;1234;1960,42704
2011-11-12;1234;2010,1224
2011-11-13;1234;1278,21408
2011-11-14;1234;1796,006784
2011-11-15;1234;1550,055936
2011-11-16;1234;1752,44784
2011-11-17;1234;1782,951456
2011-11-18;1234;1863,50736
2011-11-19;1234;1670,244576
2011-11-20;1234;1345,124352
2011-11-21;1234;1761,563232
2011-11-22;1234;1516,587072
2011-11-23;1234;1581,94608
2011-11-24;1234;1786,6992
2011-11-25;1234;1994,307744
2011-11-26;1234;1723,591584
2011-11-27;1234;1407,545568
2011-11-28;1234;1682,174208
2011-11-29;1234;1565,458752
2011-11-30;1234;1781,592384
2011-12-01;1234;1635,677472
2011-12-02;1234;1940,274336
2011-12-03;1234;1759,064736
2011-12-04;1234;1313,398944
2011-12-05;1234;1614,453984
2011-12-06;1234;1648,622976
2011-12-07;1234;1496,722656
2011-12-08;1234;1732,981536
2011-12-09;1234;1767,933024
2011-12-10;1234;1663,35312
2011-12-11;1234;1183,710528
2011-12-12;1234;1535,833728
2011-12-13;1234;1358,769984
2011-12-14;1234;1573,77792
2011-12-15;1234;1776,183552
2011-12-16;1234;1948,222848
2011-12-17;1234;1664,835744
2011-12-18;1234;1379,554176
2011-12-19;1234;1750,567104
2011-12-20;1234;1850,74032
2011-12-21;1234;1965,190656
2011-12-22;1234;2042,65776
2011-12-23;1234;1974,045216
2011-12-24;1234;1872,924768
2011-12-27;1234;1593,601152
2011-12-28;1234;1513,704192
2011-12-29;1234;1393,144896
2011-12-30;1234;2417,77536
2011-12-31;1234;3007,722432
2012-01-02;1234;1283,197344
2012-01-03;1234;1330,970784
2012-01-04;1234;1518,165792
2012-01-05;1234;1537,67328
2012-01-06;1234;1647,854208
2012-01-07;1234;1371,948864
2012-01-08;1234;998,492352
2012-01-09;1234;1479,782304
2012-01-10;1234;1485,149952
2012-01-11;1234;1535,627808
2012-01-12;1234;1517,040096
2012-01-13;1234;1674,829728
2012-01-14;1234;1642,308096
2012-01-15;1234;1130,308608
2012-01-16;1234;1677,891072
2012-01-17;1234;1479,384192
2012-01-18;1234;1568,025888
2012-01-19;1234;1478,29968
2012-01-20;1234;1920,080448
2012-01-21;1234;1563,509376
2012-01-22;1234;1160,510208
2012-01-23;1234;1617,323136
2012-01-24;1234;1307,097792
2012-01-25;1234;1550,042208
2012-01-26;1234;1698,579168
2012-01-27;1234;1917,568224
2012-01-28;1234;1563,179904
2012-01-29;1234;1204,76928
2012-01-30;1234;1575,850848
2012-01-31;1234;1328,829216
2012-02-01;1234;1532,429184
2012-02-02;1234;1553,3232
2012-02-03;1234;1856,98656
2012-02-04;1234;1662,66672
2012-02-05;1234;1260,84816
2012-02-06;1234;1554,668544
2012-02-07;1234;1424,705568
2012-02-08;1234;1518,3168
2012-02-09;1234;1560,365664
2012-02-10;1234;2025,415392
2012-02-11;1234;1617,858528
2012-02-12;1234;1216,259616
2012-02-13;1234;1550,02848
2012-02-14;1234;1460,055168
2012-02-15;1234;1508,391456
2012-02-16;1234;1676,655552
2012-02-17;1234;1693,060512
2012-02-18;1234;1462,430112
2012-02-19;1234;1163,736288
2012-02-20;1234;1783,431936
2012-02-21;1234;1337,326848
2012-02-22;1234;1428,60432
2012-02-23;1234;1486,989504
2012-02-24;1234;1684,0824
2012-02-25;1234;1650,572352
2012-02-26;1234;1291,53024
2012-02-27;1234;1637,064
2012-02-28;1234;1510,505568
2012-02-29;1234;1470,33744
2012-03-01;1234;1484,61456
2012-03-02;1234;1716,906048
2012-03-03;1234;1787,824896
2012-03-04;1234;1192,9632
2012-03-05;1234;1470,900288
2012-03-06;1234;1585,982112
2012-03-07;1234;1408,08096
2012-03-08;1234;1638,0936
2012-03-09;1234;1969,652256
2012-03-10;1234;1751,802624
2012-03-11;1234;1187,472
2012-03-12;1234;1625,971776
2012-03-13;1234;1528,20096
2012-03-14;1234;1621,331712
2012-03-15;1234;1592,99712
2012-03-16;1234;2191,373184
2012-03-17;1234;1685,427744
2012-03-18;1234;1283,609184
2012-03-19;1234;1604,611008
2012-03-20;1234;1503,710208
2012-03-21;1234;1660,497696
2012-03-22;1234;1510,313376
2012-03-23;1234;1885,760448
2012-03-24;1234;1605,256224
2012-03-25;1234;1146,480192
2012-03-26;1234;1483,37904
2012-03-27;1234;1309,115808
2012-03-28;1234;1573,420992
2012-03-29;1234;1560,626496
2012-03-30;1234;1863,383808
2012-03-31;1234;1671,013344
2012-04-01;1234;1107,012192
2012-04-02;1234;1540,309056
2012-04-03;1234;1477,228896
2012-04-04;1234;1799,630976
2012-04-05;1234;2048,533344
2012-04-07;1234;1691,399424
2012-04-08;1234;750,5784
2012-04-09;1234;686,46864
2012-04-10;1234;1598,337312
2012-04-11;1234;1295,85456
2012-04-12;1234;1385,525856
2012-04-13;1234;1715,437152
2012-04-14;1234;1398,169344
2012-04-15;1234;1043,286816
2012-04-16;1234;1432,873728
2012-04-17;1234;1268,302464
2012-04-18;1234;1498,974048
2012-04-19;1234;1493,688768
2012-04-20;1234;1696,972992
2012-04-21;1234;1513,072704
2012-04-22;1234;1154,648352
2012-04-23;1234;1605,21504
2012-04-24;1234;1345,75584
2012-04-25;1234;1544,12544
2012-04-26;1234;1741,561536
2012-04-27;1234;1911,21216
2012-04-28;1234;1717,482624
2012-04-29;1234;1223,219712
2012-04-30;1234;1807,90896
2012-05-02;1234;1733,860128
2012-05-03;1234;1694,776512
2012-05-04;1234;1805,135904
2012-05-05;1234;1663,311936
2012-05-06;1234;1185,083328
2012-05-07;1234;1608,276384
2012-05-08;1234;1529,312928
2012-05-09;1234;1605,366048
2012-05-10;1234;1566,694272
2012-05-11;1234;1905,37776
2012-05-12;1234;1671,58992
2012-05-13;1234;1302,1008
2012-05-14;1234;1731,402816
2012-05-15;1234;1546,582752
2012-05-16;1234;1684,49424
2012-05-17;1234;850,614336
2012-05-18;1234;1776,705216
2012-05-19;1234;1420,243968
2012-05-20;1234;947,561472
2012-05-21;1234;1604,899296
2012-05-22;1234;1501,280352
2012-05-23;1234;1726,543104
2012-05-24;1234;1697,8104
2012-05-25;1234;1901,286816
2012-05-26;1234;1895,864256
2012-05-27;1234;855,377952
2012-05-28;1234;985,437024
2012-05-29;1234;1784,516448
2012-05-30;1234;1475,869824
2012-05-31;1234;1779,135072
2012-06-01;1234;1790,831328
2012-06-02;1234;1655,66544
2012-06-03;1234;1118,310336
2012-06-04;1234;1652,933568
2012-06-05;1234;1610,788608
2012-06-06;1234;1611,351456
2012-06-07;1234;1757,582112
2012-06-08;1234;1870,57728
2012-06-09;1234;1660,662432
2012-06-10;1234;1027,348608
2012-06-11;1234;1593,710976
2012-06-12;1234;1470,515904
2012-06-13;1234;1783,06128
2012-06-14;1234;1450,514208
2012-06-15;1234;1676,024064
2012-06-16;1234;1827,073248
2012-06-17;1234;1389,47952
2012-06-18;1234;1776,005088
2012-06-19;1234;1567,298304
2012-06-20;1234;1698,867456
2012-06-21;1234;1912,10448
2012-06-22;1234;2093,52
2012-06-23;1234;2198,456832
2012-06-24;1234;1367,144064
2012-06-25;1234;1683,835296
2012-06-26;1234;1614,193152
2012-06-27;1234;1433,162016
2012-06-28;1234;1798,862208
2012-06-29;1234;1655,04768
2012-06-30;1234;1615,154112
2012-07-01;1234;1260,463776
2012-07-02;1234;1747,5744
2012-07-03;1234;1733,146272
2012-07-04;1234;1531,90752
2012-07-05;1234;1809,954432
2012-07-06;1234;1715,670528
2012-07-07;1234;1548,10656
2012-07-08;1234;1101,699456
2012-07-09;1234;1653,290496
2012-07-10;1234;1418,816256
2012-07-11;1234;1506,812736
2012-07-12;1234;1662,419616
2012-07-13;1234;1713,707424
2012-07-14;1234;1643,99664
2012-07-15;1234;1247,792832
2012-07-16;1234;1532,758656
2012-07-17;1234;1436,937216
2012-07-18;1234;1457,63904
2012-07-19;1234;1510,409472
2012-07-20;1234;1705,470624
2012-07-21;1234;1704,688128
2012-07-22;1234;1210,370304
2012-07-23;1234;1567,229664
2012-07-24;1234;1295,497632
2012-07-25;1234;1642,115904
2012-07-26;1234;1540,295328
2012-07-27;1234;1774,851936
2012-07-28;1234;1359,401472
2012-07-29;1234;1141,675392
2012-07-30;1234;1676,8752
2012-07-31;1234;1594,23264
2012-08-01;1234;1520,087712
2012-08-02;1234;1676,435904
2012-08-03;1234;1772,682912
2012-08-04;1234;1802,911968
2012-08-05;1234;1277,3904
2012-08-06;1234;1599,627744
2012-08-07;1234;1562,877888
2012-08-08;1234;1343,394624
2012-08-09;1234;1430,677248
2012-08-10;1234;1850,561856
2012-08-11;1234;1559,171328
2012-08-12;1234;1279,916352
2012-08-13;1234;1601,632032
2012-08-14;1234;1585,65264
2012-08-15;1234;1474,167552
2012-08-16;1234;1626,726816
2012-08-17;1234;1719,50064
2012-08-18;1234;1833,44304
2012-08-19;1234;1309,541376
2012-08-20;1234;1534,200096
2012-08-21;1234;1556,329632
2012-08-22;1234;1636,363872
2012-08-23;1234;1633,096608
2012-08-24;1234;2003,244672
2012-08-25;1234;1737,69024
2012-08-26;1234;1183,21632
2012-08-27;1234;1629,705792
2012-08-28;1234;1446,272256
2012-08-29;1234;1524,988608
2012-08-30;1234;1712,966112
2012-08-31;1234;2039,417952
2012-09-01;1234;1691,001312
2012-09-02;1234;1206,265632
2012-09-03;1234;1751,83008
2012-09-04;1234;1416,482496
2012-09-05;1234;1609,017696
2012-09-06;1234;1705,072512
2012-09-07;1234;1704,290016
2012-09-08;1234;1720,955808
2012-09-09;1234;1175,487456
2012-09-10;1234;1605,393504
2012-09-11;1234;1511,1096
2012-09-12;1234;1538,442048
2012-09-13;1234;1574,162304
2012-09-14;1234;1763,800896
2012-09-15;1234;1501,1568
2012-09-16;1234;1175,816928
2012-09-17;1234;1576,290144
2012-09-18;1234;1619,821632
2012-09-19;1234;1528,434336
2012-09-20;1234;1592,24208
2012-09-21;1234;1886,50176
2012-09-22;1234;1532,511552
2012-09-23;1234;1199,607552
2012-09-24;1234;1534,145184
2012-09-25;1234;1482,376896
2012-09-26;1234;1369,793568
2012-09-27;1234;1516,024224
2012-09-28;1234;1807,606944
2012-09-29;1234;1831,466208
2012-09-30;1234;1150,324032
2012-10-01;1234;1693,650816
2012-10-02;1234;1701,10512
2012-10-03;1234;979,63008
2012-10-04;1234;1605,791616
2012-10-05;1234;1620,782592
2012-10-06;1234;1680,870048
2012-10-07;1234;1015,089504
2012-10-08;1234;1633,83792
2012-10-09;1234;1632,561216
2012-10-10;1234;1550,64624
2012-10-11;1234;1426,40784
2012-10-12;1234;1753,189152
2012-10-13;1234;1672,976448
2012-10-14;1234;986,63136
2012-10-15;1234;1556,439456
2012-10-16;1234;1429,318176
2012-10-17;1234;1465,628736
2012-10-18;1234;1414,697856
2012-10-19;1234;1736,52336
2012-10-20;1234;1511,960736
2012-10-21;1234;1208,47584
2012-10-22;1234;1730,68896
2012-10-23;1234;1535,833728
2012-10-24;1234;1492,521888
2012-10-25;1234;1607,933184
2012-10-26;1234;1705,209792
2012-10-27;1234;1633,01424
2012-10-28;1234;1263,45648
2012-10-29;1234;1639,438944
2012-10-30;1234;1608,413664
2012-10-31;1234;1538,345952
2012-11-01;1234;1850,67168
2012-11-02;1234;2009,628192
2012-11-03;1234;1749,304128
2012-11-04;1234;1201,927584
2012-11-05;1234;1685,510112
2012-11-06;1234;1552,6368
2012-11-07;1234;1678,234272
2012-11-08;1234;1698,647808
2012-11-09;1234;1858,551552
2012-11-10;1234;1837,382976
2012-11-11;1234;1259,585184
2012-11-12;1234;1437,005856
2012-11-13;1234;1529,518848
2012-11-14;1234;1452,298848
2012-11-15;1234;1559,349792
2012-11-16;1234;1791,737376
2012-11-17;1234;1793,782848
2012-11-18;1234;1225,457376
2012-11-19;1234;1650,297792
2012-11-20;1234;1587,547104
2012-11-21;1234;1564,250688
2012-11-22;1234;1577,75904
2012-11-23;1234;1801,360704
2012-11-24;1234;1701,022752
2012-11-25;1234;1211,386176
2012-11-26;1234;1531,90752
2012-11-27;1234;1412,432736
2012-11-28;1234;1644,312384
2012-11-29;1234;1741,3968
2012-11-30;1234;1876,301856
2012-12-01;1234;1691,15232
2012-12-02;1234;1250,977728
2012-12-03;1234;1575,315456
2012-12-04;1234;1462,032
2012-12-05;1234;1353,182688
2012-12-06;1234;1455,30528
2012-12-07;1234;1434,603456
2012-12-08;1234;1680,224832
2012-12-09;1234;1206,14208
2012-12-10;1234;1476,762144
2012-12-11;1234;1333,647744
2012-12-12;1234;1394,298048
2012-12-13;1234;1438,364928
2012-12-14;1234;1560,708864
2012-12-15;1234;1586,901888
2012-12-16;1234;1163,145984
2012-12-17;1234;1712,29344
2012-12-18;1234;1810,146624
2012-12-19;1234;1655,32224
2012-12-20;1234;1787,31696
2012-12-21;1234;2180,129952
2012-12-22;1234;1698,991008
2012-12-23;1234;1091,279904
2012-12-24;1234;1539,45792
2012-12-27;1234;1473,15168
2012-12-28;1234;1884,071904
2012-12-29;1234;1406,57088
2012-12-30;1234;887,172
2012-12-31;1234;2558,446176
2013-01-02;1234;1678,069536
2013-01-03;1234;1565,280288
2013-01-04;1234;1654,70448
2013-01-05;1234;1315,018848
2013-01-06;1234;831,875616
2013-01-07;1234;1642,568928
2013-01-08;1234;1321,745568
2013-01-09;1234;1423,45632
2013-01-10;1234;1629,486144
2013-01-11;1234;1610,733696
2013-01-12;1234;1451,694816
2013-01-13;1234;1141,991136
2013-01-14;1234;1362,256896
2013-01-15;1234;1348,473984
2013-01-16;1234;1329,227328
2013-01-17;1234;1514,720064
2013-01-18;1234;1900,078752
2013-01-19;1234;1729,988832
2013-01-20;1234;1021,926048
2013-01-21;1234;1635,595104
2013-01-22;1234;1529,738496
2013-01-23;1234;1461,935904
2013-01-24;1234;1708,367232
2013-01-25;1234;1901,080896
2013-01-26;1234;1595,94864
2013-01-27;1234;1106,971008
2013-01-28;1234;1561,120704
2013-01-29;1234;1466,28768
2013-01-30;1234;1340,703936
2013-01-31;1234;1501,143072
2013-02-01;1234;1856,519808
2013-02-02;1234;1655,679168
2013-02-03;1234;1179,070464
2013-02-04;1234;1404,003744
2013-02-05;1234;1446,848832
2013-02-06;1234;1443,77376
2013-02-07;1234;1542,230976
2013-02-08;1234;1687,679136
2013-02-09;1234;1527,24
2013-02-10;1234;1040,541216
2013-02-11;1234;1554,572448
2013-02-12;1234;1420,463616
2013-02-13;1234;1525,359264
2013-02-14;1234;1623,74784
2013-02-15;1234;1732,624608
2013-02-16;1234;1349,73696
2013-02-17;1234;1200,129216
2013-02-18;1234;1527,802848
2013-02-19;1234;1326,39936
2013-02-20;1234;1644,394752
2013-02-21;1234;1562,026752
2013-02-22;1234;1678,234272
2013-02-23;1234;1601,604576
2013-02-24;1234;902,464992
2013-02-25;1234;1493,9496
2013-02-26;1234;1402,493664
2013-02-27;1234;1465,889568
2013-02-28;1234;1465,409088
2013-03-01;1234;1665,522144
2013-03-02;1234;1542,285888
2013-03-03;1234;1112,544576
2013-03-04;1234;1611,420096
2013-03-05;1234;1672,839168
2013-03-06;1234;1421,25984
2013-03-07;1234;1543,068384
2013-03-08;1234;1734,230784
2013-03-09;1234;1436,511648
2013-03-10;1234;1031,631744
2013-03-11;1234;1644,092736
2013-03-12;1234;1373,69232
2013-03-13;1234;1503,874944
2013-03-14;1234;1518,275616
2013-03-15;1234;1771,749408
2013-03-16;1234;1531,413312
2013-03-17;1234;1101,150336
2013-03-18;1234;1416,290304
2013-03-19;1234;1329,543072
2013-03-20;1234;1524,439488
2013-03-21;1234;1425,186048
2013-03-22;1234;1771,035552
2013-03-23;1234;1506,359712
2013-03-24;1234;1078,046112
2013-03-25;1234;1611,365184
2013-03-26;1234;1521,47424
2013-03-27;1234;1476,267936
2013-03-28;1234;1970,24256
2013-03-30;1234;1366,41648
2013-03-31;1234;865,948512
2013-04-01;1234;854,581728
2013-04-02;1234;1450,102368
2013-04-03;1234;1247,161344
2013-04-04;1234;1366,114464
2013-04-05;1234;1565,47248
2013-04-06;1234;1426,490208
2013-04-07;1234;1012,64592
2013-04-08;1234;1488,609408
2013-04-09;1234;1342,584672
2013-04-10;1234;1336,873824
2013-04-11;1234;1518,234432
2013-04-12;1234;1665,178944
2013-04-13;1234;1516,683168
2013-04-14;1234;1149,568992
2013-04-15;1234;1473,536064
2013-04-16;1234;1544,894208
2013-04-17;1234;1433,258112
2013-04-18;1234;1559,061504
2013-04-19;1234;1788,126912
2013-04-20;1234;1503,449376
2013-04-21;1234;1143,8856
2013-04-22;1234;1470,419808
2013-04-23;1234;1454,454144
2013-04-24;1234;1432,887456
2013-04-25;1234;1440,561408
2013-04-26;1234;1569,879168
2013-04-27;1234;1643,17296
2013-04-28;1234;1048,54464
2013-04-29;1234;1541,901504
2013-04-30;1234;1551,40128
2013-05-01;1234;1365,235872
2013-05-02;1234;1576,52352
2013-05-03;1234;1542,381984
2013-05-04;1234;1563,934944
2013-05-05;1234;982,609056
2013-05-06;1234;1497,86208
2013-05-07;1234;1849,491072
2013-05-08;1234;1761,865248
2013-05-09;1234;1063,85136
2013-05-10;1234;1659,811296
2013-05-11;1234;1486,989504
2013-05-12;1234;1352,441376
2013-05-13;1234;1786,328544
2013-05-14;1234;1473,110496
2013-05-15;1234;1509,3936
2013-05-16;1234;1633,988928
2013-05-17;1234;1642,34928
2013-05-18;1234;1574,18976
2013-05-19;1234;943,237152
2013-05-20;1234;835,197792
2013-05-21;1234;1544,290176
2013-05-22;1234;1502,955168
2013-05-23;1234;1450,102368
2013-05-24;1234;1618,160544
2013-05-25;1234;1420,751904
2013-05-26;1234;1040,843232
2013-05-27;1234;1688,708736
2013-05-28;1234;1505,220288
2013-05-29;1234;1462,402656
2013-05-30;1234;1531,001472
2013-05-31;1234;1671,205536
2013-06-01;1234;1620,206016
2013-06-02;1234;1096,098432
2013-06-03;1234;1615,428672
2013-06-04;1234;1456,101504
2013-06-05;1234;1465,381632
2013-06-06;1234;1418,431872
2013-06-07;1234;1596,552672
2013-06-08;1234;1497,546336
2013-06-09;1234;1082,31552
2013-06-10;1234;1572,322752
2013-06-11;1234;1465,024704
2013-06-12;1234;1363,32768
2013-06-13;1234;1579,145568
2013-06-14;1234;1817,889216
2013-06-15;1234;1573,544544
2013-06-16;1234;1144,819104
2013-06-17;1234;1647,950304
2013-06-18;1234;1387,96944
2013-06-19;1234;1499,50944
2013-06-20;1234;1505,41248
2013-06-21;1234;1931,227584
2013-06-22;1234;1683,423456
2013-06-23;1234;1270,897056
2013-06-24;1234;1580,669376
2013-06-25;1234;1616,787744
2013-06-26;1234;1670,670144
2013-06-27;1234;1807,757952
2013-06-28;1234;1788,62112
2013-06-29;1234;1791,64128
2013-06-30;1234;1278,90048
2013-07-01;1234;1664,712192
2013-07-02;1234;1434,081792
2013-07-03;1234;1402,562304
2013-07-04;1234;1711,620768
2013-07-05;1234;1671,823296
2013-07-06;1234;1492,16496
2013-07-07;1234;1083,358848
2013-07-08;1234;1461,029856
2013-07-09;1234;1335,130368
2013-07-10;1234;1408,259424
2013-07-11;1234;1493,2632
2013-07-12;1234;1635,032256
2013-07-13;1234;1593,518784
2013-07-14;1234;1230,495552
2013-07-15;1234;1458,627456
2013-07-16;1234;1362,22944
2013-07-17;1234;1359,428928
2013-07-18;1234;1353,978912
2013-07-19;1234;1497,065856
2013-07-20;1234;1538,400864
2013-07-21;1234;1114,16448
2013-07-22;1234;1494,855648
2013-07-23;1234;1294,166016
2013-07-24;1234;1351,24704
2013-07-25;1234;1544,660832
2013-07-26;1234;1500,456672
2013-07-27;1234;1501,197984
2013-07-28;1234;1155,2112
2013-07-29;1234;1646,412768
2013-07-30;1234;1405,019616
2013-07-31;1234;1514,871072
2013-08-01;1234;1514,363136
2013-08-02;1234;1688,461632
2013-08-03;1234;1482,55536
2013-08-04;1234;1242,65856
2013-08-05;1234;1502,474688
2013-08-06;1234;1454,989536
2013-08-07;1234;1478,464416
2013-08-08;1234;1533,582336
2013-08-09;1234;1669,242432
2013-08-10;1234;1587,286272
2013-08-11;1234;1155,842688
2013-08-12;1234;1597,472448
2013-08-13;1234;1635,41664
2013-08-14;1234;1759,627584
2013-08-15;1234;1409,645952
2013-08-16;1234;1676,834016
2013-08-17;1234;1563,907488
2013-08-18;1234;1273,230816
2013-08-19;1234;1637,448384
2013-08-20;1234;1575,384096
2013-08-21;1234;1589,345472
2013-08-22;1234;1550,756064
2013-08-23;1234;1640,97648
2013-08-24;1234;1545,992448
2013-08-25;1234;1097,100576
2013-08-26;1234;1468,223328
2013-08-27;1234;1402,438752
2013-08-28;1234;1513,621824
2013-08-29;1234;1463,67936
2013-08-30;1234;1890,359328
2013-08-31;1234;1604,789472
2013-09-01;1234;1077,44208
2013-09-02;1234;1509,7368
2013-09-03;1234;1353,882816
2013-09-04;1234;1608,50976
2013-09-05;1234;1447,425408
2013-09-06;1234;1564,09968
2013-09-07;1234;1577,62176
2013-09-08;1234;1091,211264
2013-09-09;1234;1475,869824
2013-09-10;1234;1369,148352
2013-09-11;1234;1723,13856
2013-09-12;1234;1269,730176
2013-09-13;1234;1627,564224
2013-09-14;1234;1591,747872
2013-09-15;1234;1124,089824
2013-09-16;1234;1571,155872
2013-09-17;1234;1335,7344
2013-09-18;1234;1279,545696
2013-09-19;1234;1507,869792
2013-09-20;1234;1578,266976
2013-09-21;1234;1470,20016
2013-09-22;1234;1144,887744
2013-09-23;1234;1511,52144
2013-09-24;1234;1496,6952
2013-09-25;1234;1463,487168
2013-09-26;1234;1535,737632
2013-09-27;1234;1661,22528
2013-09-28;1234;1502,172672
2013-09-29;1234;1223,054976
2013-09-30;1234;1704,852864
2013-10-01;1234;1571,58144
2013-10-02;1234;1702,464192
2013-10-03;1234;1178,905728
2013-10-04;1234;1679,661984
2013-10-05;1234;1412,81712
2013-10-06;1234;906,981504
2013-10-07;1234;1395,286464
2013-10-08;1234;1639,562496
2013-10-09;1234;1257,992736
2013-10-10;1234;1370,438784
2013-10-11;1234;1743,510912
2013-10-12;1234;1600,95936
2013-10-13;1234;1071,442944
2013-10-14;1234;1570,387104
2013-10-15;1234;1371,715488
2013-10-16;1234;1499,056416
2013-10-17;1234;1406,131584
2013-10-18;1234;1633,027968
2013-10-19;1234;1632,355296
2013-10-20;1234;1194,569376
2013-10-21;1234;1529,738496
2013-10-22;1234;1395,602208
2013-10-23;1234;1385,97888
2013-10-24;1234;1456,81536
2013-10-25;1234;1987,649664
2013-10-26;1234;1357,49328
2013-10-27;1234;1367,185248
2013-10-28;1234;1352,523744
2013-10-29;1234;1553,611488
2013-10-30;1234;1643,79072
2013-10-31;1234;1484,861664
2013-11-01;1234;1861,72272
2013-11-02;1234;1562,781792
2013-11-03;1234;1373,472672
2013-11-04;1234;1512,8256
2013-11-05;1234;1495,775424
2013-11-06;1234;1679,044224
2013-11-07;1234;1561,807104
2013-11-08;1234;1689,079392
2013-11-09;1234;1574,107392
2013-11-10;1234;1287,356928
2013-11-11;1234;1428,7416
2013-11-12;1234;1729,288704
2013-11-13;1234;1724,470176
2013-11-14;1234;1696,149312
2013-11-15;1234;1731,58128
2013-11-16;1234;1689,065664
2013-11-17;1234;1263,305472
2013-11-18;1234;1704,770496
2013-11-19;1234;1761,23376
2013-11-20;1234;1532,11344
2013-11-21;1234;1476,99552
2013-11-22;1234;1857,521952
2013-11-23;1234;1614,577536
2013-11-24;1234;1145,39568
2013-11-25;1234;1808,746368
2013-11-26;1234;1595,426976
2013-11-27;1234;1712,08752
2013-11-28;1234;1401,793536
2013-11-29;1234;1823,407872
2013-11-30;1234;1677,094848
2013-12-01;1234;1234,847328
2013-12-02;1234;1572,432576
2013-12-03;1234;1624,722528
2013-12-04;1234;1599,572832
2013-12-05;1234;1675,804416
2013-12-06;1234;1572,103104
2013-12-07;1234;1586,366496
2013-12-08;1234;1177,72512
2013-12-09;1234;1519,675872
2013-12-10;1234;1465,285536
2013-12-11;1234;1377,138048
2013-12-12;1234;1647,785568
2013-12-13;1234;1789,156512
2013-12-14;1234;1642,445376
2013-12-15;1234;975,333216
2013-12-16;1234;1746,297696
2013-12-17;1234;1573,77792
2013-12-18;1234;1482,926016
2013-12-19;1234;1764,967776
2013-12-20;1234;2098,791552
2013-12-21;1234;1376,767392
2013-12-22;1234;1099,104864
2013-12-23;1234;2024,591712
2013-12-24;1234;1579,488768
2013-12-27;1234;1714,174176
2013-12-28;1234;1265,17248
2013-12-29;1234;915,918432
2013-12-30;1234;2127,112416
2013-12-31;1234;2872,65264
2014-01-02;1234;1272,44832
2014-01-03;1234;1442,359776
2014-01-04;1234;1300,000416
2014-01-05;1234;952,599648
2014-01-06;1234;1615,071744
2014-01-07;1234;1465,711104
2014-01-08;1234;1336,475712
2014-01-09;1234;1310,557248
2014-01-10;1234;1599,147264
2014-01-11;1234;1409,93424
2014-01-12;1234;1135,731168
2014-01-13;1234;1375,284768
2014-01-14;1234;1306,027008
2014-01-15;1234;1491,231456
2014-01-16;1234;1440,671232
2014-01-17;1234;1699,855872
2014-01-18;1234;1390,248288
2014-01-19;1234;1061,847072
2014-01-20;1234;1746,627168
2014-01-21;1234;1314,1128
2014-01-22;1234;1375,696608
2014-01-23;1234;1504,122048
2014-01-24;1234;1712,238528
2014-01-25;1234;1504,986912
2014-01-26;1234;1054,3104
2014-01-27;1234;1392,664416
2014-01-28;1234;1471,559232
2014-01-29;1234;1417,113984
2014-01-30;1234;1550,275584
2014-01-31;1234;1736,921472
2014-02-01;1234;1501,70592
2014-02-02;1234;1036,834656
2014-02-03;1234;1404,429312
2014-02-04;1234;1487,964192
2014-02-05;1234;1421,657952
2014-02-06;1234;1505,879232
2014-02-07;1234;1632,300384
2014-02-08;1234;1469,9256
2014-02-09;1234;1075,122048
2014-02-10;1234;1671,260448
2014-02-11;1234;1429,057344
2014-02-12;1234;1410,2088
2014-02-13;1234;1569,398688
2014-02-14;1234;1899,831648
2014-02-15;1234;1565,760768
2014-02-16;1234;899,362464
2014-02-17;1234;1670,21712
2014-02-18;1234;1320,070752
2014-02-19;1234;1550,152032
2014-02-20;1234;1569,206496
2014-02-21;1234;1628,978208
2014-02-22;1234;1498,89168
2014-02-23;1234;1184,191008
2014-02-24;1234;1693,952832
2014-02-25;1234;1461,647616
2014-02-26;1234;1441,069344
2014-02-27;1234;1539,910944
2014-02-28;1234;1937,007072
2014-03-01;1234;1549,094976
2014-03-02;1234;1162,171296
2014-03-03;1234;1698,675264
2014-03-04;1234;1567,161024
2014-03-05;1234;1476,418944
2014-03-06;1234;1464,02256
2014-03-07;1234;1668,15792
2014-03-08;1234;1484,463552
2014-03-09;1234;1173,963648
2014-03-10;1234;1489,309536
2014-03-11;1234;1436,140992
2014-03-12;1234;1553,103552
2014-03-13;1234;1572,61104
2014-03-14;1234;1745,419104
2014-03-15;1234;1538,593056
2014-03-16;1234;1252,776096
2014-03-17;1234;1632,46512
2014-03-18;1234;1632,19056
2014-03-19;1234;1605,873984
2014-03-20;1234;1559,075232
2014-03-21;1234;1746,68208
2014-03-22;1234;1606,93104
2014-03-23;1234;1120,438176
2014-03-24;1234;1604,569824
2014-03-25;1234;1520,252448
2014-03-26;1234;1376,314368
2014-03-27;1234;1576,303872
2014-03-28;1234;2079,229152
2014-03-29;1234;1488,650592
2014-03-30;1234;956,525856
2014-03-31;1234;1629,815616
2014-04-01;1234;1488,815328
2014-04-02;1234;1532,168352
2014-04-03;1234;1622,429952
2014-04-04;1234;1565,513664
2014-04-05;1234;1597,719552
2014-04-06;1234;1123,925088
2014-04-07;1234;1518,303072
2014-04-08;1234;1405,458912
2014-04-09;1234;1632,849504
2014-04-10;1234;1707,378816
2014-04-11;1234;1671,65856
2014-04-12;1234;1742,124384
2014-04-13;1234;1111,020768
2014-04-14;1234;1591,130112
2014-04-15;1234;1585,51536
2014-04-16;1234;1480,249056
2014-04-17;1234;1796,363712
2014-04-19;1234;1556,055072
2014-04-20;1234;938,322528
2014-04-21;1234;935,371008
2014-04-22;1234;1547,241696
2014-04-23;1234;1361,076288
2014-04-24;1234;1326,921024
2014-04-25;1234;1582,8384
2014-04-26;1234;1447,329312
2014-04-27;1234;1011,561408
2014-04-28;1234;1521,556608
2014-04-29;1234;1443,97968
2014-04-30;1234;1823,751072
2014-05-01;1234;1319,384352
2014-05-02;1234;1524,672864
2014-05-03;1234;1504,369152
2014-05-04;1234;1065,649728
2014-05-05;1234;1581,849984
2014-05-06;1234;1330,984512
2014-05-07;1234;1511,260608
2014-05-08;1234;1531,234848
2014-05-09;1234;1641,264768
2014-05-10;1234;1535,75136
2014-05-11;1234;1193,882976
2014-05-12;1234;1624,544064
2014-05-13;1234;1425,3096
2014-05-14;1234;1516,53216
2014-05-15;1234;1443,526656
2014-05-16;1234;1821,3624
2014-05-17;1234;1648,169952
2014-05-18;1234;1232,321376
2014-05-19;1234;1596,415392
2014-05-20;1234;1356,765696
2014-05-21;1234;1347,018816
2014-05-22;1234;1499,317248
2014-05-23;1234;1666,057536
2014-05-24;1234;1502,694336
2014-05-25;1234;903,453408
2014-05-26;1234;1565,046912
2014-05-27;1234;1459,258944
2014-05-28;1234;1450,335744
2014-05-29;1234;1103,882208
2014-05-30;1234;1532,882208
2014-05-31;1234;1348,473984
2014-06-01;1234;949,01664
2014-06-02;1234;1692,154464
2014-06-03;1234;1519,236576
2014-06-04;1234;1461,524064
2014-06-05;1234;1516,05168
2014-06-06;1234;1641,429504
2014-06-07;1234;1569,38496
2014-06-08;1234;1020,05904
2014-06-09;1234;1027,458432
2014-06-10;1234;1621,537632
2014-06-11;1234;1409,961696
2014-06-12;1234;1421,108832
2014-06-13;1234;1677,506688
2014-06-14;1234;1408,437888
2014-06-15;1234;1172,728128
2014-06-16;1234;1433,8896
2014-06-17;1234;1527,075264
2014-06-18;1234;1467,687936
2014-06-19;1234;1543,562592
2014-06-20;1234;1828,322496
2014-06-21;1234;1873,364064
2014-06-22;1234;1201,556928
2014-06-23;1234;1690,012896
2014-06-24;1234;1558,800672
2014-06-25;1234;1564,429152
2014-06-26;1234;1573,050336
2014-06-27;1234;1678,5912
2014-06-28;1234;1961,388
2014-06-29;1234;1277,513952
2014-06-30;1234;1801,429344
2014-07-01;1234;1480,605984
2014-07-02;1234;1547,186784
2014-07-03;1234;1567,957248
2014-07-04;1234;1887,517632
2014-07-05;1234;1404,676416
2014-07-06;1234;1029,764736
2014-07-07;1234;1494,08688
2014-07-08;1234;1593,175584
2014-07-09;1234;1609,251072
2014-07-10;1234;1503,874944
2014-07-11;1234;1852,607328
2014-07-12;1234;1629,115488
2014-07-13;1234;1100,614944
2014-07-14;1234;1529,271744
2014-07-15;1234;1453,836384
2014-07-16;1234;1462,663488
2014-07-17;1234;1528,599072
2014-07-18;1234;1549,534272
2014-07-19;1234;1622,498592
2014-07-20;1234;1035,173568
2014-07-21;1234;1348,789728
2014-07-22;1234;1499,71536
2014-07-23;1234;1302,087072
2014-07-24;1234;1497,10704
2014-07-25;1234;1498,370016
2014-07-26;1234;1495,04784
2014-07-27;1234;1218,277632
2014-07-28;1234;1411,5816
2014-07-29;1234;1432,956096
2014-07-30;1234;1468,470432
2014-07-31;1234;1430,73216
2014-08-01;1234;1651,396032
2014-08-02;1234;1578,596448
2014-08-03;1234;1062,327552
2014-08-04;1234;1400,159904
2014-08-05;1234;1478,533056
2014-08-06;1234;1450,692672
2014-08-07;1234;1635,169536
2014-08-08;1234;1630,460832
2014-08-09;1234;1336,585536
2014-08-10;1234;848,006016
2014-08-11;1234;1506,908832
2014-08-12;1234;1455,99168
2014-08-13;1234;1433,738592
2014-08-14;1234;1477,764288
2014-08-15;1234;1686,1416
2014-08-16;1234;1373,706048
2014-08-17;1234;979,726176
2014-08-18;1234;1520,829024
2014-08-19;1234;1409,93424
2014-08-20;1234;1401,779808
2014-08-21;1234;1527,693024
2014-08-22;1234;1774,165536
2014-08-23;1234;1398,141888
2014-08-24;1234;955,070688
2014-08-25;1234;1625,312832
2014-08-26;1234;1601,481024
2014-08-27;1234;1612,312416
2014-08-28;1234;1584,128832
2014-08-29;1234;1698,84
2014-08-30;1234;1560,901056
2014-08-31;1234;1045,057728
2014-09-01;1234;1469,609856
2014-09-02;1234;1597,829376
2014-09-03;1234;1590,80064
2014-09-04;1234;1585,10352
2014-09-05;1234;1684,933536
2014-09-06;1234;1496,21472
2014-09-07;1234;1091,44464
2014-09-08;1234;1594,342464
2014-09-09;1234;1375,147488
2014-09-10;1234;1478,354592
2014-09-11;1234;1544,029344
2014-09-12;1234;1621,798464
2014-09-13;1234;1618,39392
2014-09-14;1234;946,47696
2014-09-15;1234;1718,114112
2014-09-16;1234;1421,712864
2014-09-17;1234;1357,108896
2014-09-18;1234;1504,341696
2014-09-19;1234;1515,653568
2014-09-20;1234;1500,566496
2014-09-21;1234;1090,058112
2014-09-22;1234;1553,295744
2014-09-23;1234;1461,524064
2014-09-24;1234;1533,431328
2014-09-25;1234;1475,581536
2014-09-26;1234;1732,281408
2014-09-27;1234;1561,532544
2014-09-28;1234;1089,577632
2014-09-29;1234;1338,1368
2014-09-30;1234;1437,911904
2014-10-01;1234;1573,2288
2014-10-02;1234;1848,241824
2014-10-03;1234;1030,574688
2014-10-04;1234;1458,998112
2014-10-05;1234;885,497184
2014-10-06;1234;1798,313088
2014-10-07;1234;1381,544736
2014-10-08;1234;1590,237792
2014-10-09;1234;1605,544512
2014-10-10;1234;1579,324032
2014-10-11;1234;1437,019584
2014-10-12;1234;989,637792
2014-10-13;1234;1296,307584
2014-10-14;1234;1523,753088
2014-10-15;1234;1498,27392
2014-10-16;1234;1558,718304
2014-10-17;1234;1612,779168
2014-10-18;1234;1474,098912
2014-10-19;1234;904,071168
2014-10-20;1234;1433,724864
2014-10-21;1234;1490,668608
2014-10-22;1234;1228,134336
2014-10-23;1234;1487,099328
2014-10-24;1234;1584,170016
2014-10-25;1234;1447,20576
2014-10-26;1234;1099,75008
2014-10-27;1234;1610,376768
2014-10-28;1234;1430,100672
2014-10-29;1234;1535,463072
2014-10-30;1234;1460,563104
2014-10-31;1234;1772,42208
2014-11-01;1234;1575,164448
2014-11-02;1234;1155,609312
2014-11-03;1234;1634,236032
2014-11-04;1234;1424,801664
2014-11-05;1234;1483,543776
2014-11-06;1234;1625,60112
2014-11-07;1234;1739,900448
2014-11-08;1234;1547,529984
2014-11-09;1234;1119,834144
2014-11-10;1234;1735,97424
2014-11-11;1234;1580,518368
2014-11-12;1234;1543,974432
2014-11-13;1234;1650,352704
2014-11-14;1234;1832,248704
2014-11-15;1234;1544,715744
2014-11-16;1234;1117,116
2014-11-17;1234;1447,82352
2014-11-18;1234;1419,447744
2014-11-19;1234;1675,8456
2014-11-20;1234;1498,068
2014-11-21;1234;1564,607616
2014-11-22;1234;1478,862528
2014-11-23;1234;1064,633856
2014-11-24;1234;1495,240032
2014-11-25;1234;1413,283872
2014-11-26;1234;1493,180832
2014-11-27;1234;1657,559904
2014-11-28;1234;1635,650016
2014-11-29;1234;1473,42624
2014-11-30;1234;1101,246432
2014-12-01;1234;1654,745664
2014-12-02;1234;1372,141056
2014-12-03;1234;1514,47296
2014-12-04;1234;1431,706848
2014-12-05;1234;1691,275872
2014-12-06;1234;1505,234016
2014-12-07;1234;922,205856
2014-12-08;1234;1649,7624
2014-12-09;1234;1514,939712
2014-12-10;1234;1387,859616
2014-12-11;1234;1412,54256
2014-12-12;1234;1521,47424
2014-12-13;1234;1634,881248
2014-12-14;1234;1073,59824
2014-12-15;1234;1465,32672
2014-12-16;1234;1447,850976
2014-12-17;1234;1573,736736
2014-12-18;1234;1549,27344
2014-12-19;1234;1854,913632
2014-12-20;1234;1341,005952
2014-12-21;1234;1052,676768
2014-12-22;1234;1497,203136
2014-12-23;1234;1747,972512
2014-12-24;1234;1286,986272
2014-12-27;1234;1040,280384
2014-12-28;1234;638,846208
2014-12-29;1234;1560,351936
2014-12-30;1234;1738,898304
2014-12-31;1234;2560,313184
2015-01-02;1234;1251,073824
2015-01-03;1234;969,169344
2015-01-04;1234;792,064416
2015-01-05;1234;1435,2624
2015-01-06;1234;1389,177504
2015-01-07;1234;1364,824032
2015-01-08;1234;1359,401472
2015-01-09;1234;1551,524832
2015-01-10;1234;1508,08944
2015-01-11;1234;990,598752
2015-01-12;1234;1396,782816
2015-01-13;1234;1425,254688
2015-01-14;1234;1216,644
2015-01-15;1234;1375,559328
2015-01-16;1234;1581,575424
2015-01-17;1234;1321,580832
2015-01-18;1234;1056,177408
2015-01-19;1234;1384,784544
2015-01-20;1234;1405,719744
2015-01-21;1234;1398,828288
2015-01-22;1234;1433,06592
2015-01-23;1234;1666,606656
2015-01-24;1234;1569,535968
2015-01-25;1234;861,98112
2015-01-26;1234;1275,523392
2015-01-27;1234;1391,291616
2015-01-28;1234;1352,592384
2015-01-29;1234;1392,897792
2015-01-30;1234;1704,413568
2015-01-31;1234;1493,510304
2015-02-01;1234;1105,611936
2015-02-02;1234;1312,026144
2015-02-03;1234;1353,141504
2015-02-04;1234;1462,800768
2015-02-05;1234;1353,869088
2015-02-06;1234;1458,311712
2015-02-07;1234;1296,774336
2015-02-08;1234;981,730464
2015-02-09;1234;1466,76816
2015-02-10;1234;1541,9976
2015-02-11;1234;1306,9056
2015-02-12;1234;1527,78912
2015-02-13;1234;1616,307264
2015-02-14;1234;1601,453568
2015-02-15;1234;1006,33104
2015-02-16;1234;1610,459136
2015-02-17;1234;1479,315552
2015-02-18;1234;1473,467424
2015-02-19;1234;1605,640608
2015-02-20;1234;1394,83344
2015-02-21;1234;1485,108768
2015-02-22;1234;952,764384
2015-02-23;1234;1557,414144
2015-02-24;1234;1424,746752
2015-02-25;1234;1535,010048
2015-02-26;1234;1536,890784
2015-02-27;1234;1548,120288
2015-02-28;1234;1461,661344
2015-03-01;1234;977,749344
2015-03-02;1234;1435,701696
2015-03-03;1234;1423,950528
2015-03-04;1234;1490,901984
2015-03-05;1234;1473,49488
2015-03-06;1234;1550,124576
2015-03-07;1234;1608,811776
2015-03-08;1234;1115,496096
2015-03-09;1234;1477,640736
2015-03-10;1234;1342,268928
2015-03-11;1234;1403,536992
2015-03-12;1234;1658,562048
2015-03-13;1234;1604,926752
2015-03-14;1234;1569,700704
2015-03-15;1234;1088,671584
2015-03-16;1234;1388,216544
2015-03-17;1234;1453,149984
2015-03-18;1234;1339,248768
2015-03-19;1234;1548,985152
2015-03-20;1234;1592,804928
2015-03-21;1234;1467,413376
2015-03-22;1234;1089,66
2015-03-23;1234;1590,814368
2015-03-24;1234;1418,280864
2015-03-25;1234;1500,964608
2015-03-26;1234;1637,764128
2015-03-27;1234;1744,156128
2015-03-28;1234;1564,03104
2015-03-29;1234;928,575648
2015-03-30;1234;1488,897696
2015-03-31;1234;1404,09984
2015-04-01;1234;1773,396768
2015-04-02;1234;1928,825184
2015-04-04;1234;1715,354784
2015-04-05;1234;977,790528
2015-04-06;1234;1115,798112
2015-04-07;1234;1592,544096
2015-04-08;1234;1464,585408
2015-04-09;1234;1397,222112
2015-04-10;1234;1814,443488
2015-04-11;1234;1493,414208
2015-04-12;1234;1040,115648
2015-04-13;1234;1574,313312
2015-04-14;1234;1471,010112
2015-04-15;1234;1431,528384
2015-04-16;1234;1612,97136
2015-04-17;1234;1680,183648
2015-04-18;1234;1507,663872
2015-04-19;1234;1057,646304
2015-04-20;1234;1490,764704
2015-04-21;1234;1604,46
2015-04-22;1234;1560,022464
2015-04-23;1234;1496,200992
2015-04-24;1234;1538,002752
2015-04-25;1234;1470,982656
2015-04-26;1234;1050,933312
2015-04-27;1234;1537,206528
2015-04-28;1234;1467,880128
2015-04-29;1234;1637,009088
2015-04-30;1234;1731,045888
2015-05-01;1234;1417,580736
2015-05-02;1234;1489,062432
2015-05-03;1234;1045,52448
2015-05-04;1234;1592,324448
2015-05-05;1234;1529,312928
2015-05-06;1234;1431,706848
2015-05-07;1234;1540,14432
2015-05-08;1234;1610,22576
2015-05-09;1234;1420,930368
2015-05-10;1234;1164,54624
2015-05-11;1234;1616,430816
2015-05-12;1234;1618,846944
2015-05-13;1234;1793,535744
2015-05-14;1234;1054,351584
2015-05-15;1234;1658,54832
2015-05-16;1234;1321,759296
2015-05-17;1234;941,219136
2015-05-18;1234;1518,673728
2015-05-19;1234;1471,188576
2015-05-20;1234;1572,734592
2015-05-21;1234;1546,225824
2015-05-22;1234;1776,320832
2015-05-23;1234;1660,223136
2015-05-24;1234;944,788416
2015-05-25;1234;1129,67712
2015-05-26;1234;1736,31744
2015-05-27;1234;1525,812288
2015-05-28;1234;1429,784928
2015-05-29;1234;1884,909312
2015-05-30;1234;1586,6136
2015-05-31;1234;999,782784
2015-06-01;1234;1790,295936
2015-06-02;1234;1467,207456
2015-06-03;1234;1645,534176
2015-06-04;1234;1351,411776
2015-06-05;1234;1592,750016
2015-06-06;1234;1396,700448
2015-06-07;1234;1047,92688
2015-06-08;1234;1340,95104
2015-06-09;1234;1364,068992
2015-06-10;1234;1567,298304
2015-06-11;1234;1488,650592
2015-06-12;1234;1591,363488
2015-06-13;1234;1409,371392
2015-06-14;1234;1016,434848
2015-06-15;1234;1591,226208
2015-06-16;1234;1408,190784
2015-06-17;1234;1568,931936
2015-06-18;1234;1518,467808
2015-06-19;1234;1906,1328
2015-06-20;1234;1652,09616
2015-06-21;1234;1429,428
2015-06-22;1234;1828,514688
2015-06-23;1234;1732,74816
2015-06-24;1234;1711,8816
2015-06-25;1234;1685,510112
2015-06-26;1234;2119,218816
2015-06-27;1234;1930,829472
2015-06-28;1234;1404,51168
2015-06-29;1234;1798,464096
2015-06-30;1234;1394,298048
2015-07-01;1234;1487,56608
2015-07-02;1234;1622,9928
2015-07-03;1234;1796,459808
2015-07-04;1234;1712,856288
2015-07-05;1234;1309,253088
2015-07-06;1234;1551,483648
2015-07-07;1234;1365,757536
2015-07-08;1234;1582,097088
2015-07-09;1234;1460,439552
2015-07-10;1234;1744,128672
2015-07-11;1234;1562,65824
2015-07-12;1234;1164,95808
2015-07-13;1234;1637,434656
2015-07-14;1234;1548,285024
2015-07-15;1234;1520,815296
2015-07-16;1234;1583,085504
2015-07-17;1234;1835,22768
2015-07-18;1234;1615,565952
2015-07-19;1234;1116,539424
2015-07-20;1234;1390,16592
2015-07-21;1234;1542,217248
2015-07-22;1234;1503,723936
2015-07-23;1234;1640,303808
2015-07-24;1234;1705,168608
2015-07-25;1234;1488,376032
2015-07-26;1234;1068,93072
2015-07-27;1234;1474,359744
2015-07-28;1234;1381,0368
2015-07-29;1234;1217,550048
2015-07-30;1234;1454,509056
2015-07-31;1234;1689,5736
2015-08-01;1234;1411,677696
2015-08-02;1234;1008,843264
2015-08-03;1234;1382,258592
2015-08-04;1234;1418,184768
2015-08-05;1234;1480,921728
2015-08-06;1234;1434,219072
2015-08-07;1234;1683,19008
2015-08-08;1234;1330,298112
2015-08-09;1234;1073,776704
2015-08-10;1234;1558,512384
2015-08-11;1234;1417,869024
2015-08-12;1234;1613,424384
2015-08-13;1234;1381,366272
2015-08-14;1234;1653,276768
2015-08-15;1234;1472,355456
2015-08-16;1234;1072,239168
2015-08-17;1234;1623,075168
2015-08-18;1234;1531,921248
2015-08-19;1234;1336,35216
2015-08-20;1234;1476,199296
2015-08-21;1234;1409,398848
2015-08-22;1234;1484,422368
2015-08-23;1234;1170,229632
2015-08-24;1234;1601,64576
2015-08-25;1234;1433,5464
2015-08-26;1234;1611,955488
2015-08-27;1234;1517,397024
2015-08-28;1234;1682,133024
2015-08-29;1234;1533,362688
2015-08-30;1234;1083,372576
2015-08-31;1234;1515,269184
2015-09-01;1234;1559,5008
2015-09-02;1234;1542,560448
2015-09-03;1234;1432,461888
2015-09-04;1234;1719,322176
2015-09-05;1234;1506,483264
2015-09-06;1234;1151,738016
2015-09-07;1234;1515,15936
2015-09-08;1234;1612,175136
2015-09-09;1234;1543,699872
2015-09-10;1234;1499,660448
2015-09-11;1234;1624,132224
2015-09-12;1234;1414,107552
2015-09-13;1234;1065,91056
2015-09-14;1234;1468,27824
2015-09-15;1234;1588,384512
2015-09-16;1234;1536,424032
2015-09-17;1234;1604,157984
2015-09-18;1234;1825,947552
2015-09-19;1234;1327,168128
2015-09-20;1234;1011,437856
2015-09-21;1234;1516,298784
2015-09-22;1234;1523,094144
2015-09-23;1234;1479,974496
2015-09-24;1234;1462,594848
2015-09-25;1234;1779,8352
2015-09-26;1234;1592,269536
2015-09-27;1234;1049,217312
2015-09-28;1234;1724,813376
2015-09-29;1234;1474,840224
2015-09-30;1234;1618,613568
2015-10-01;1234;1482,788736
2015-10-02;1234;1742,673504
2015-10-03;1234;1294,234656
2015-10-04;1234;1212,154944
2015-10-05;1234;1746,47616
2015-10-06;1234;1583,167872
2015-10-07;1234;1579,433856
2015-10-08;1234;1598,90016
2015-10-09;1234;1731,210624
2015-10-10;1234;1575,713568
2015-10-11;1234;1114,57632
2015-10-12;1234;1718,978976
2015-10-13;1234;1534,708032
2015-10-14;1234;1653,482688
2015-10-15;1234;1549,850016
2015-10-16;1234;1788,978048
2015-10-17;1234;1455,634752
2015-10-18;1234;1080,7368
2015-10-19;1234;1428,988704
2015-10-20;1234;1383,205824
2015-10-21;1234;1495,844064
2015-10-22;1234;1353,924
2015-10-23;1234;1587,904032
2015-10-24;1234;1494,56736
2015-10-25;1234;1198,4544
2015-10-26;1234;1451,53008
2015-10-27;1234;1397,867328
2015-10-28;1234;1428,453312
2015-10-29;1234;1523,245152
2015-10-30;1234;1757,540928
2015-10-31;1234;1472,561376
2015-11-01;1234;1179,866688
2015-11-02;1234;1651,876512
2015-11-03;1234;1479,645024
2015-11-04;1234;1678,014624
2015-11-05;1234;1457,556672
2015-11-06;1234;1650,627264
2015-11-07;1234;1682,750784
2015-11-08;1234;1111,707168
2015-11-09;1234;1565,568576
2015-11-10;1234;1485,932448
2015-11-11;1234;1367,871648
2015-11-12;1234;1664,52
2015-11-13;1234;1744,238496
2015-11-14;1234;1620,192288
2015-11-15;1234;1153,522656
2015-11-16;1234;1511,93328
2015-11-17;1234;1648,636704
2015-11-18;1234;1601,357472
2015-11-19;1234;1577,388384
2015-11-20;1234;1690,273728
2015-11-21;1234;1530,19152
2015-11-22;1234;1122,497376
2015-11-23;1234;1545,553152
2015-11-24;1234;1506,496992
2015-11-25;1234;1528,695168
2015-11-26;1234;1459,025568
2015-11-27;1234;1650,778272
2015-11-28;1234;1474,195008
2015-11-29;1234;1202,943456
2015-11-30;1234;1387,269312
2015-12-01;1234;1518,852192
2015-12-02;1234;1472,506464
2015-12-03;1234;1510,587936
2015-12-04;1234;1544,207808
2015-12-05;1234;1520,156352
2015-12-06;1234;1363,368864
2015-12-07;1234;1596,538944
2015-12-08;1234;1495,953888
2015-12-09;1234;1451,571264
2015-12-10;1234;1462,896864
2015-12-11;1234;1445,228928
2015-12-12;1234;1718,0592
2015-12-13;1234;942,276192
2015-12-14;1234;1517,01264
2015-12-15;1234;1569,741888
2015-12-16;1234;1575,136992
2015-12-17;1234;1829,901216
2015-12-18;1234;2012,565984
2015-12-19;1234;1556,837568
2015-12-20;1234;1218,964032
2015-12-21;1234;1427,286432
2015-12-22;1234;1604,816928
2015-12-24;1234;1307,578272
2015-12-27;1234;863,381376
2015-12-28;1234;1407,037632
2015-12-29;1234;1434,521088
2015-12-30;1234;2035,917312
2015-12-31;1234;2703,743328
2016-01-02;1234;1208,722944
2016-01-03;1234;691,122432
2016-01-04;1234;1352,015808
2016-01-05;1234;1196,491296
2016-01-06;1234;1374,44736
2016-01-07;1234;1247,490816
2016-01-08;1234;1472,176992
2016-01-09;1234;1270,73232
2016-01-10;1234;1020,621888
2016-01-11;1234;1485,891264
2016-01-12;1234;1494,649728
2016-01-13;1234;1501,554912
2016-01-14;1234;1471,765152
2016-01-15;1234;1632,218016
2016-01-16;1234;1487,552352
2016-01-17;1234;1040,541216
2016-01-18;1234;1358,24832
2016-01-19;1234;1429,428
2016-01-20;1234;1509,750528
2016-01-21;1234;1434,630912
2016-01-22;1234;1709,218368
2016-01-23;1234;1498,575936
2016-01-24;1234;999,000288
2016-01-25;1234;1457,9136
2016-01-26;1234;1334,883264
2016-01-27;1234;1368,709056
2016-01-28;1234;1636,487424
2016-01-29;1234;1582,810944
2016-01-30;1234;1548,79296
2016-01-31;1234;1025,097216
2016-02-01;1234;1744,34832
2016-02-02;1234;1332,247488
2016-02-03;1234;1469,980512
2016-02-04;1234;1421,232384
2016-02-05;1234;1560,434304
2016-02-06;1234;1424,293728
2016-02-07;1234;1108,05552
2016-02-08;1234;1358,344416
2016-02-09;1234;1510,62912
2016-02-10;1234;1377,33024
2016-02-11;1234;1259,777376
2016-02-12;1234;1570,181184
2016-02-13;1234;1430,169312
2016-02-14;1234;1239,08928
2016-02-15;1234;1267,16304
2016-02-16;1234;1328,101632
2016-02-17;1234;1461,880992
2016-02-18;1234;1650,462528
2016-02-19;1234;1677,781248
2016-02-20;1234;1507,444224
2016-02-21;1234;1124,007456
2016-02-22;1234;1477,462272
2016-02-23;1234;1360,431072
2016-02-24;1234;1295,593728
2016-02-25;1234;1364,878944
2016-02-26;1234;1681,144608
2016-02-27;1234;1532,52528
2016-02-28;1234;1233,804
2016-02-29;1234;1564,113408
2016-03-01;1234;1520,10144
2016-03-02;1234;1355,145792
2016-03-03;1234;1525,372992
2016-03-04;1234;1995,268704
2016-03-05;1234;1465,711104
2016-03-06;1234;1311,29856
2016-03-07;1234;1445,201472
2016-03-08;1234;1518,879648
2016-03-09;1234;1403,660544
2016-03-10;1234;1315,567968
2016-03-11;1234;1736,72928
2016-03-12;1234;1484,806752
2016-03-13;1234;1145,67024
2016-03-14;1234;1523,080416
2016-03-15;1234;1497,79344
2016-03-16;1234;1755,234624
2016-03-17;1234;1479,699936
2016-03-18;1234;1633,316256
2016-03-19;1234;1450,006272
2016-03-20;1234;1162,130112
2016-03-21;1234;1580,875296
2016-03-22;1234;1405,0608
2016-03-23;1234;1390,866048
2016-03-24;1234;1803,364992
2016-03-26;1234;1568,959392
2016-03-27;1234;884,7696
2016-03-28;1234;1142,595168
2016-03-29;1234;1572,803232
2016-03-30;1234;1245,761088
2016-03-31;1234;1261,80912
2016-04-01;1234;1806,412608
2016-04-02;1234;1386,418176
2016-04-03;1234;954,7824
2016-04-04;1234;1537,206528
2016-04-05;1234;1457,048736
2016-04-06;1234;1412,460192
2016-04-07;1234;1508,212992
2016-04-08;1234;1619,2176
2016-04-09;1234;1462,841952
2016-04-10;1234;1163,118528
2016-04-11;1234;1468,127232
2016-04-12;1234;1552,84272
2016-04-13;1234;1498,13664
2016-04-14;1234;1393,59792
2016-04-15;1234;1804,353408
2016-04-16;1234;1462,869408
2016-04-17;1234;1265,99616
2016-04-18;1234;1605,064032
2016-04-19;1234;1484,353728
2016-04-20;1234;1527,816576
2016-04-21;1234;1412,391552
2016-04-22;1234;1678,426464
2016-04-23;1234;1491,986496
2016-04-24;1234;1106,119872
2016-04-25;1234;1489,131072
2016-04-26;1234;1455,264096
2016-04-27;1234;1390,330656
2016-04-28;1234;1387,42032
2016-04-29;1234;1597,87056
2016-04-30;1234;1491,780576
2016-05-01;1234;1561,958112
2016-05-02;1234;1535,078688
2016-05-03;1234;1594,43856
2016-05-04;1234;1657,51872
2016-05-05;1234;1265,474496
2016-05-06;1234;1780,343136
2016-05-07;1234;1210,425216
2016-05-08;1234;1243,303776
2016-05-09;1234;1573,50336
2016-05-10;1234;1415,343072
2016-05-11;1234;1406,721888
2016-05-12;1234;1469,596128
2016-05-13;1234;1790,95488
2016-05-14;1234;1590,25152
2016-05-15;1234;1031,467008
2016-05-16;1234;1194,912576
2016-05-17;1234;1763,004672
2016-05-18;1234;1449,53952
2016-05-19;1234;1472,286816
2016-05-20;1234;1670,90352
2016-05-21;1234;1402,123008
2016-05-22;1234;1088,822592
2016-05-23;1234;1603,732416
2016-05-24;1234;1476,981792
2016-05-25;1234;1526,430048
2016-05-26;1234;1470,584544
2016-05-27;1234;1647,620832
2016-05-28;1234;1494,581088
2016-05-29;1234;1280,726304
2016-05-30;1234;1586,352768
2016-05-31;1234;1574,46432
2016-06-01;1234;1313,7696
2016-06-02;1234;1438,227648
2016-06-03;1234;1680,334656
2016-06-04;1234;1405,225536
2016-06-05;1234;1163,58528
2016-06-06;1234;1484,491008
2016-06-07;1234;1394,682432
2016-06-08;1234;1318,588128
2016-06-09;1234;1453,232352
2016-06-10;1234;1787,673888
2016-06-11;1234;1279,531968
2016-06-12;1234;1111,720896
2016-06-13;1234;1492,329696
2016-06-14;1234;1441,659648
2016-06-15;1234;1360,99392
2016-06-16;1234;1323,85968
2016-06-17;1234;1680,966144
2016-06-18;1234;1567,559136
2016-06-19;1234;1353,114048
2016-06-20;1234;1594,699392
2016-06-21;1234;1578,733728
2016-06-22;1234;1558,498656
2016-06-23;1234;1491,13536
2016-06-24;1234;1828,816704
2016-06-25;1234;1866,060768
2016-06-26;1234;1482,912288
2016-06-27;1234;1500,223296
2016-06-28;1234;1530,713184
2016-06-29;1234;1306,69968
2016-06-30;1234;1333,634016
2016-07-01;1234;1628,55264
2016-07-02;1234;1531,179936
2016-07-03;1234;1011,4104
2016-07-04;1234;1475,00496
2016-07-05;1234;1342,543488
2016-07-06;1234;1514,692608
2016-07-07;1234;1465,53264
2016-07-08;1234;1489,776288
2016-07-09;1234;1942,127616
2016-07-10;1234;1085,212128
2016-07-11;1234;1489,515456
2016-07-12;1234;1402,150464
2016-07-13;1234;1483,9968
2016-07-14;1234;1605,668064
2016-07-15;1234;1729,535808
2016-07-16;1234;1626,067872
2016-07-17;1234;1188,556512
2016-07-18;1234;1494,402624
2016-07-19;1234;1410,606912
2016-07-20;1234;1548,44976
2016-07-21;1234;1561,408992
2016-07-22;1234;1687,679136
2016-07-23;1234;1556,439456
2016-07-24;1234;1235,259168
2016-07-25;1234;1437,966816
2016-07-26;1234;1394,62752
2016-07-27;1234;1483,488864
2016-07-28;1234;1572,212928
2016-07-29;1234;1619,931456
2016-07-30;1234;1539,979584
2016-07-31;1234;1217,3304
2016-08-01;1234;1438,598304
2016-08-02;1234;1315,636608
2016-08-03;1234;1559,322336
2016-08-04;1234;1315,1424
2016-08-05;1234;1672,0704
2016-08-06;1234;1369,381728
2016-08-07;1234;1186,360032
2016-08-08;1234;1438,035456
2016-08-09;1234;1442,208768
2016-08-10;1234;1336,310976
2016-08-11;1234;1351,31568
2016-08-12;1234;1640,454816
2016-08-13;1234;1470,364896
2016-08-14;1234;1199,89584
2016-08-15;1234;1394,751072
2016-08-16;1234;1427,945376
2016-08-17;1234;1399,802976
2016-08-18;1234;1546,761216
2016-08-19;1234;1670,958432
2016-08-20;1234;1357,342272
2016-08-21;1234;996,913632
2016-08-22;1234;1414,642944
2016-08-23;1234;1406,763072
2016-08-24;1234;1350,464544
2016-08-25;1234;1237,661568
2016-08-26;1234;1549,657824
2016-08-27;1234;1428,110112
2016-08-28;1234;1064,729952
2016-08-29;1234;1543,342944
2016-08-30;1234;1455,003264
2016-08-31;1234;1338,89184
2016-09-01;1234;1555,300032
2016-09-02;1234;1719,239808
2016-09-03;1234;1391,12688
2016-09-04;1234;1212,882528
2016-09-05;1234;1434,136704
2016-09-06;1234;1599,476736
2016-09-07;1234;1668,240288
2016-09-08;1234;1361,707776
2016-09-09;1234;1559,171328
2016-09-10;1234;1413,407424
2016-09-11;1234;1227,132192
2016-09-12;1234;1446,093792
2016-09-13;1234;1401,656256
2016-09-14;1234;1483,708512
2016-09-15;1234;1465,628736
2016-09-16;1234;1666,071264
2016-09-17;1234;1520,760384
2016-09-18;1234;1214,982912
2016-09-19;1234;1479,439104
2016-09-20;1234;1475,732544
2016-09-21;1234;1267,561152
2016-09-22;1234;1365,977184
2016-09-23;1234;1594,91904
2016-09-24;1234;1569,755616
2016-09-25;1234;1148,41584
2016-09-26;1234;1476,350304
2016-09-27;1234;1412,116992
2016-09-28;1234;1506,78528
2016-09-29;1234;1365,894816
2016-09-30;1234;1757,444832
2016-10-01;1234;1484,61456
2016-10-02;1234;1011,877152
2016-10-03;1234;1161,498624
2016-10-04;1234;1813,221696
2016-10-05;1234;1382,011488
2016-10-06;1234;1518,975744
2016-10-07;1234;1869,231936
2016-10-08;1234;1435,962528
2016-10-09;1234;1143,240384
2016-10-10;1234;1589,688672
2016-10-11;1234;1457,542944
2016-10-12;1234;1388,820576
2016-10-13;1234;1498,232736
2016-10-14;1234;1524,247296
2016-10-15;1234;1538,194944
2016-10-16;1234;1174,97952
2016-10-17;1234;1421,726592
2016-10-18;1234;1342,543488
2016-10-19;1234;1358,577792
2016-10-20;1234;1395,066816
2016-10-21;1234;1387,186944
2016-10-22;1234;1284,830976
2016-10-23;1234;1112,17392
2016-10-24;1234;1466,97408
2016-10-25;1234;1356,038112
2016-10-26;1234;1389,534432
2016-10-27;1234;1467,550656
2016-10-28;1234;1613,547936
2016-10-29;1234;1390,564032
2016-10-30;1234;1188,062304
2016-10-31;1234;1591,583136
2016-11-01;1234;1593,367776
2016-11-02;1234;1464,695232
2016-11-03;1234;1452,998976
2016-11-04;1234;1442,88144
2016-11-05;1234;1449,319872
2016-11-06;1234;1051,029408
2016-11-07;1234;1600,163136
2016-11-08;1234;1340,621568
2016-11-09;1234;1397,963424
2016-11-10;1234;1347,046272
2016-11-11;1234;1515,63984
2016-11-12;1234;1594,383648
2016-11-13;1234;1147,976544
2016-11-14;1234;1387,914528
2016-11-15;1234;1284,281856
2016-11-16;1234;1296,115392
2016-11-17;1234;1153,989408
2016-11-18;1234;1426,778496
2016-11-19;1234;1551,785664
2016-11-20;1234;1094,959008
2016-11-21;1234;1375,394592
2016-11-22;1234;1247,161344
2016-11-23;1234;1304,997408
2016-11-24;1234;1423,31904
2016-11-25;1234;1421,712864
2016-11-26;1234;1585,2408
2016-11-27;1234;1131,242112
2016-11-28;1234;1297,447008
2016-11-29;1234;1254,80784
2016-11-30;1234;1384,523712
2016-12-01;1234;1302,7872
2016-12-02;1234;1363,1904
2016-12-03;1234;1409,72832
2016-12-04;1234;1082,31552
2016-12-05;1234;1216,685184
2016-12-06;1234;1342,406208
2016-12-07;1234;1451,612448
2016-12-08;1234;1260,216672
2016-12-09;1234;1560,544128
2016-12-10;1234;1519,607232
2016-12-11;1234;1033,910592
2016-12-12;1234;1313,920608
2016-12-13;1234;1348,872096
2016-12-14;1234;1347,485568
2016-12-15;1234;1253,791968
2016-12-16;1234;1428,233664
2016-12-17;1234;1443,814944
2016-12-18;1234;1285,297728
2016-12-19;1234;1518,412896
2016-12-20;1234;1372,539168
2016-12-21;1234;1422,01488
2016-12-22;1234;1605,379776
2016-12-23;1234;1583,154144
2016-12-24;1234;1346,359872
2016-12-27;1234;1282,689408
2016-12-28;1234;1231,840896
2016-12-29;1234;1481,11392
2016-12-30;1234;1828,665696
2016-12-31;1234;2420,65824
2017-01-02;1234;1321,690656
2017-01-03;1234;1152,904896
2017-01-04;1234;1154,565984
2017-01-05;1234;1250,812992
2017-01-06;1234;1502,007936
2017-01-07;1234;1297,02144
2017-01-08;1234;967,824
2017-01-09;1234;1357,658016
2017-01-10;1234;1232,280192
2017-01-11;1234;1253,64096
2017-01-12;1234;1159,576704
2017-01-13;1234;1234,613952
2017-01-14;1234;1300,082784
2017-01-15;1234;1023,49104
2017-01-16;1234;1317,325152
2017-01-17;1234;1259,379264
2017-01-18;1234;1286,052768
2017-01-19;1234;1279,7928
2017-01-20;1234;1370,287776
2017-01-21;1234;1371,235008
2017-01-22;1234;1126,753056
2017-01-23;1234;1227,063552
2017-01-24;1234;1249,481376
2017-01-25;1234;1277,692416
2017-01-26;1234;1186,428672
2017-01-27;1234;1407,53184
2017-01-28;1234;1310,26896
2017-01-29;1234;1023,14784
2017-01-30;1234;1451,11824
2017-01-31;1234;1413,338784
2017-02-01;1234;1305,354336
2017-02-02;1234;1250,222688
2017-02-03;1234;1485,383328
2017-02-04;1234;1436,42928
2017-02-05;1234;1111,158048
2017-02-06;1234;1367,885376
2017-02-07;1234;1417,69056
2017-02-08;1234;1298,709984
2017-02-09;1234;1283,513088
2017-02-10;1234;1529,820864
2017-02-11;1234;1354,020096
2017-02-12;1234;1105,30992
2017-02-13;1234;1342,32384
2017-02-14;1234;1377,069408
2017-02-15;1234;1328,348736
2017-02-16;1234;1369,491552
2017-02-17;1234;1320,83952
2017-02-18;1234;1234,545312
2017-02-19;1234;1052,827776
2017-02-20;1234;1254,903936
2017-02-21;1234;1455,140544
2017-02-22;1234;1334,622432
2017-02-23;1234;1318,36848
2017-02-24;1234;1378,744224
2017-02-25;1234;1355,763552
2017-02-26;1234;1043,149536
2017-02-27;1234;1448,729568
2017-02-28;1234;1468,841088
2017-03-01;1234;1328,060448
2017-03-02;1234;1421,987424
2017-03-03;1234;1427,43744
2017-03-04;1234;1440,259392
2017-03-05;1234;1077,345984
2017-03-06;1234;1526,265312
2017-03-07;1234;1415,672544
2017-03-08;1234;1247,532
2017-03-09;1234;1403,89392
2017-03-10;1234;1436,70384
2017-03-11;1234;1439,339616
2017-03-12;1234;1212,278496
2017-03-13;1234;1425,844992
2017-03-14;1234;1340,896128
2017-03-15;1234;1276,77264
2017-03-16;1234;1262,028768
2017-03-17;1234;1402,301472
2017-03-18;1234;1441,343904
2017-03-19;1234;1200,458688
2017-03-20;1234;1234,723776
2017-03-21;1234;1499,221152
2017-03-22;1234;1276,168608
2017-03-23;1234;1284,2544
2017-03-24;1234;1411,087392
2017-03-25;1234;1500,19584
2017-03-26;1234;1023,0792
2017-03-27;1234;1163,65392
2017-03-28;1234;1204,398624
2017-03-29;1234;1226,610528
2017-03-30;1234;1334,965632
2017-03-31;1234;1466,479872
2017-04-01;1234;1487,209152
2017-04-02;1234;1263,895776
2017-04-03;1234;1252,460352
2017-04-04;1234;1380,611232
2017-04-05;1234;1281,879456
2017-04-06;1234;1297,048896
2017-04-07;1234;1482,665184
2017-04-08;1234;1421,026464
2017-04-09;1234;1123,01904
2017-04-10;1234;1279,490784
2017-04-11;1234;1228,669728
2017-04-12;1234;1205,634144
2017-04-13;1234;1554,709728
2017-04-15;1234;1418,939808
2017-04-16;1234;871,906464
2017-04-17;1234;886,773888
2017-04-18;1234;1354,377024
2017-04-19;1234;1072,609824
2017-04-20;1234;1128,592608
2017-04-21;1234;1296,252672
2017-04-22;1234;1374,433632
2017-04-23;1234;1113,464352
2017-04-24;1234;1320,592416
2017-04-25;1234;1201,158816
2017-04-26;1234;1304,969952
2017-04-27;1234;1129,251552
2017-04-28;1234;1508,103168
2017-04-29;1234;1698,743904
2017-04-30;1234;1267,080672
2017-05-01;1234;1239,034368
2017-05-02;1234;1369,766112
2017-05-03;1234;1301,043744
2017-05-04;1234;1378,414752
2017-05-05;1234;1344,24576
2017-05-06;1234;1486,46784
2017-05-07;1234;1030,204032
2017-05-08;1234;1337,1072
2017-05-09;1234;1506,757824
2017-05-10;1234;1194,81648
2017-05-11;1234;1333,428096
2017-05-12;1234;1342,502304
2017-05-13;1234;1433,395392
2017-05-14;1234;1325,616864
2017-05-15;1234;1196,010816
2017-05-16;1234;1324,82064
2017-05-17;1234;1253,737056
2017-05-18;1234;1197,671904
2017-05-19;1234;1595,74272
2017-05-20;1234;1491,025536
2017-05-21;1234;1149,417984
2017-05-22;1234;1252,117152
2017-05-23;1234;1251,746496
2017-05-24;1234;1282,936512
2017-05-25;1234;1211,647008
2017-05-26;1234;1258,349664
2017-05-27;1234;1136,925504
2017-05-28;1234;1112,256288
2017-05-29;1234;1336,105056
2017-05-30;1234;1348,899552
2017-05-31;1234;1249,604928
2017-06-01;1234;1181,719968
2017-06-02;1234;1545,97872
2017-06-03;1234;1294,234656
2017-06-04;1234;824,09184
2017-06-05;1234;1268,302464
2017-06-06;1234;1416,509952
2017-06-07;1234;1253,613504
2017-06-08;1234;1304,516928
2017-06-09;1234;1394,805984
2017-06-10;1234;1586,421408
2017-06-11;1234;1201,666752
2017-06-12;1234;1293,987552
2017-06-13;1234;1349,311392
2017-06-14;1234;1293,5208
2017-06-15;1234;1306,274112
2017-06-16;1234;1567,792512
2017-06-17;1234;1828,940256
2017-06-18;1234;1359,593664
2017-06-19;1234;1466,644608
2017-06-20;1234;1374,255168
2017-06-21;1234;1353,759264
2017-06-22;1234;1368,146208
2017-06-23;1234;1666,675296
2017-06-24;1234;1668,02064
2017-06-25;1234;1171,053312
2017-06-26;1234;1408,822272
2017-06-27;1234;1428,7416
2017-06-28;1234;1302,71856
2017-06-29;1234;1328,842944
2017-06-30;1234;1433,120832
2017-07-01;1234;1628,744832
2017-07-02;1234;1023,532224
2017-07-03;1234;1338,987936
2017-07-04;1234;1350,999936
2017-07-05;1234;1242,370272
2017-07-06;1234;1331,437536
2017-07-07;1234;1707,090528
2017-07-08;1234;1406,98272
2017-07-09;1234;1189,764576
2017-07-10;1234;1409,920512
2017-07-11;1234;1347,430656
2017-07-12;1234;1254,093984
2017-07-13;1234;1227,242016
2017-07-14;1234;1514,363136
2017-07-15;1234;1632,314112
2017-07-16;1234;1291,763616
2017-07-17;1234;1362,09216
2017-07-18;1234;1303,1304
2017-07-19;1234;1339,99008
2017-07-20;1234;1386,843744
2017-07-21;1234;1662,309792
2017-07-22;1234;1587,50592
2017-07-23;1234;1010,078784
2017-07-24;1234;1515,282912
2017-07-25;1234;1164,848256
2017-07-26;1234;1338,438816
2017-07-27;1234;1441,041888
2017-07-28;1234;1455,071904
2017-07-29;1234;1347,924864
2017-07-30;1234;981,96384
2017-07-31;1234;1226,843904
2017-08-01;1234;1223,137344
2017-08-02;1234;1304,873856
2017-08-03;1234;1183,669344
2017-08-04;1234;1442,620608
2017-08-05;1234;1295,44272
2017-08-06;1234;1084,99248
2017-08-07;1234;1309,527648
2017-08-08;1234;1227,598944
2017-08-09;1234;1294,262112
2017-08-10;1234;1177,134816
2017-08-11;1234;1382,903808
2017-08-12;1234;1306,754592
2017-08-13;1234;853,579584
2017-08-14;1234;1198,674048
2017-08-15;1234;1156,51536
2017-08-16;1234;1133,973984
2017-08-17;1234;1198,509312
2017-08-18;1234;1402,370112
2017-08-19;1234;1254,231264
2017-08-20;1234;1002,28128
2017-08-21;1234;1395,259008
2017-08-22;1234;1106,861184
2017-08-23;1234;1341,84336
2017-08-24;1234;1234,586496
2017-08-25;1234;1380,254304
2017-08-26;1234;1214,543616
2017-08-27;1234;869,572704
2017-08-28;1234;1319,233344
2017-08-29;1234;1082,137056
2017-08-30;1234;1248,35568
2017-08-31;1234;1264,664544
2017-09-01;1234;1373,00592
2017-09-02;1234;1270,334208
2017-09-03;1234;1066,473408
2017-09-04;1234;1374,804288
2017-09-05;1234;1317,009408
2017-09-06;1234;1268,659392
2017-09-07;1234;1289,95152
2017-09-08;1234;1400,214816
2017-09-09;1234;1400,9424
2017-09-10;1234;1194,033984
2017-09-11;1234;1244,086272
2017-09-12;1234;1290,50064
2017-09-13;1234;1381,325088
2017-09-14;1234;1427,959104
2017-09-15;1234;1400,9424
2017-09-16;1234;1396,384704
2017-09-17;1234;1024,891296
2017-09-18;1234;1388,147904
2017-09-19;1234;1240,146336
2017-09-20;1234;1156,144704
2017-09-21;1234;1224,46896
2017-09-22;1234;1305,491616
2017-09-23;1234;1455,538656
2017-09-24;1234;1002,089088
2017-09-25;1234;1192,784736
2017-09-26;1234;1154,373792
2017-09-27;1234;1202,806176
2017-09-28;1234;1251,801408
2017-09-29;1234;1367,610816
2017-09-30;1234;1482,390624
2017-10-01;1234;1075,575072
2017-10-02;1234;1460,645472
2017-10-03;1234;1142,293152
2017-10-04;1234;1450,541664
2017-10-05;1234;1233,584352
2017-10-06;1234;1251,458208
2017-10-07;1234;1359,676032
2017-10-08;1234;1078,444224
2017-10-09;1234;1314,607008
2017-10-10;1234;1287,48048
2017-10-11;1234;1150,763328
2017-10-12;1234;1153,385376
2017-10-13;1234;1449,827808
2017-10-14;1234;1246,557312
2017-10-15;1234;943,429344
2017-10-16;1234;1277,445312
2017-10-17;1234;1189,407648
2017-10-18;1234;1168,129248
2017-10-19;1234;1226,335968
2017-10-20;1234;1332,549504
2017-10-21;1234;1340,758848
2017-10-22;1234;1050,12336
2017-10-23;1234;1256,853312
2017-10-24;1234;1275,6744
2017-10-25;1234;1217,87952
2017-10-26;1234;1338,123072
2017-10-27;1234;1258,816416
2017-10-28;1234;1313,28912
2017-10-29;1234;1090,181664
2017-10-30;1234;1401,024768
2017-10-31;1234;999,110112
2017-11-01;1234;1419,324192
2017-11-02;1234;1299,382656
2017-11-03;1234;1494,732096
2017-11-04;1234;1357,273632
2017-11-05;1234;1114,699872
2017-11-06;1234;1297,062624
2017-11-07;1234;1382,574336
2017-11-08;1234;1305,217056
2017-11-09;1234;1324,54608
2017-11-10;1234;1396,604352
2017-11-11;1234;1352,990496
2017-11-12;1234;1150,378944
2017-11-13;1234;1376,053536
2017-11-14;1234;1369,519008
2017-11-15;1234;1346,085312
2017-11-16;1234;1336,14624
2017-11-17;1234;1250,195232
2017-11-18;1234;1438,62576
2017-11-19;1234;990,571296
2017-11-20;1234;1357,438368
2017-11-21;1234;1315,183584
2017-11-22;1234;1146,741024
2017-11-23;1234;1212,154944
2017-11-24;1234;1343,065152
2017-11-25;1234;1378,49712
2017-11-26;1234;904,318272
2017-11-27;1234;1275,6744
2017-11-28;1234;1149,92592
2017-11-29;1234;1091,952576
2017-11-30;1234;1147,084224
2017-12-01;1234;1484,793024
2017-12-02;1234;1474,195008
2017-12-03;1234;1064,139648
2017-12-04;1234;1181,308128
2017-12-05;1234;1144,338624
2017-12-06;1234;1189,80576
2017-12-07;1234;1103,31936
2017-12-08;1234;1255,97472
2017-12-09;1234;1307,152704
2017-12-10;1234;1069,589664
2017-12-11;1234;1125,847008
2017-12-12;1234;1191,17856
2017-12-13;1234;1147,894176
2017-12-14;1234;1312,135968
2017-12-15;1234;1348,734816
2017-12-16;1234;1212,058848
2017-12-17;1234;1040,664768
2017-12-18;1234;1432,969824
2017-12-19;1234;1337,779872
2017-12-20;1234;1464,91488
2017-12-21;1234;1314,634464
2017-12-22;1234;1450,473024
2017-12-23;1234;1380,817152
2017-12-27;1234;1179,866688
2017-12-28;1234;1101,575904
2017-12-29;1234;1640,537184
2017-12-30;1234;1482,116064
2017-12-31;1234;1645,204704
2018-01-02;1234;1153,4952
2018-01-03;1234;1056,479424
2018-01-04;1234;1051,166688
2018-01-05;1234;1382,7528
2018-01-06;1234;1095,865056
2018-01-07;1234;831,106848
2018-01-08;1234;1149,884736
2018-01-09;1234;1155,032736
2018-01-10;1234;1106,874912
2018-01-11;1234;1100,43648
2018-01-12;1234;1274,658528
2018-01-13;1234;1317,61344
2018-01-14;1234;1037,90544
2018-01-15;1234;1109,263584
2018-01-16;1234;1090,497408
2018-01-17;1234;1146,850848
2018-01-18;1234;1186,497312
2018-01-19;1234;1268,371104
2018-01-20;1234;1134,770208
2018-01-21;1234;895,793184
2018-01-22;1234;1212,484416
2018-01-23;1234;1158,945216
2018-01-24;1234;1187,1288
2018-01-25;1234;1143,116832
2018-01-26;1234;1329,446976
2018-01-27;1234;1266,380544
2018-01-28;1234;964,94112
2018-01-29;1234;1282,456032
2018-01-30;1234;1012,549824
2018-01-31;1234;1173,592992
2018-02-01;1234;1108,700736
2018-02-02;1234;1385,08656
2018-02-03;1234;1302,444
2018-02-04;1234;997,61376
2018-02-05;1234;1267,629792
2018-02-06;1234;1238,155776
2018-02-07;1234;1132,587456
2018-02-08;1234;1150,104384
2018-02-09;1234;1343,888832
2018-02-10;1234;1248,204672
2018-02-11;1234;935,206272
2018-02-12;1234;1201,460832
2018-02-13;1234;1168,650912
2018-02-14;1234;1222,95888
2018-02-15;1234;1073,351136
2018-02-16;1234;1273,40928
2018-02-17;1234;1340,031264
2018-02-18;1234;945,804288
2018-02-19;1234;1195,585248
2018-02-20;1234;999,12384
2018-02-21;1234;1157,242944
2018-02-22;1234;1160,070912
2018-02-23;1234;1292,340192
2018-02-24;1234;1318,807776
2018-02-25;1234;841,45776
2018-02-26;1234;1050,631296
2018-02-27;1234;919,460256
2018-02-28;1234;1117,610208
2018-03-01;1234;1200,197856
2018-03-02;1234;1281,591168
2018-03-03;1234;1416,990432
2018-03-04;1234;988,55328
2018-03-05;1234;1142,197056
2018-03-06;1234;1140,65952
2018-03-07;1234;1204,15152
2018-03-08;1234;1087,271328
2018-03-09;1234;1361,172384
2018-03-10;1234;1297,309728
2018-03-11;1234;914,875104
2018-03-12;1234;1182,982944
2018-03-13;1234;1185,27552
2018-03-14;1234;1148,113824
2018-03-15;1234;1174,059744
2018-03-16;1234;1392,472224
2018-03-17;1234;1397,386848
2018-03-18;1234;896,616864
2018-03-19;1234;1207,542336
2018-03-20;1234;1043,835936
2018-03-21;1234;1111,35024
2018-03-22;1234;1168,39008
2018-03-23;1234;1316,872128
2018-03-24;1234;1244,553024
2018-03-25;1234;930,072
2018-03-26;1234;1227,736224
2018-03-27;1234;1252,803552
2018-03-28;1234;1399,459776
2018-03-29;1234;1348,597536
2018-03-31;1234;1411,746336
2018-04-01;1234;879,717696
2018-04-02;1234;781,53504
2018-04-03;1234;1149,30816
2018-04-04;1234;1017,835104
2018-04-05;1234;1136,650944
2018-04-06;1234;1239,693312
2018-04-07;1234;1089,495264
2018-04-08;1234;896,740416
2018-04-09;1234;1071,33312
2018-04-10;1234;1114,23312
2018-04-11;1234;1116,511968
2018-04-12;1234;1137,543264
2018-04-13;1234;1403,13888
2018-04-14;1234;1205,345856
2018-04-15;1234;910,152672
2018-04-16;1234;1092,460512
2018-04-17;1234;1166,687808
2018-04-18;1234;1202,119776
2018-04-19;1234;1021,555392
2018-04-20;1234;1282,648224
2018-04-21;1234;1427,382528
2018-04-22;1234;1025,303136
2018-04-23;1234;1350,999936
2018-04-24;1234;1177,340736
2018-04-25;1234;1159,686528
2018-04-26;1234;1169,721696
2018-04-27;1234;1297,927488
2018-04-28;1234;1220,378016
2018-04-29;1234;961,9896
2018-04-30;1234;1307,399808
2018-05-01;1234;1217,481408
2018-05-02;1234;1297,254816
2018-05-03;1234;1239,171648
2018-05-04;1234;1405,349088
2018-05-05;1234;1353,525888
2018-05-06;1234;934,519872
2018-05-07;1234;1238,732352
2018-05-08;1234;1055,40864
2018-05-09;1234;1322,267232
2018-05-10;1234;1109,373408
2018-05-11;1234;1185,646176
2018-05-12;1234;1067,90112
2018-05-13;1234;1011,424128
2018-05-14;1234;1311,339744
2018-05-15;1234;1133,617056
2018-05-16;1234;1062,643296
2018-05-17;1234;1211,921568
2018-05-18;1234;1277,060928
2018-05-19;1234;1351,370592
2018-05-20;1234;880,44528
2018-05-21;1234;1099,88736
2018-05-22;1234;1226,52816
2018-05-23;1234;1146,658656
2018-05-24;1234;1156,474176
2018-05-25;1234;1336,544352
2018-05-26;1234;1191,823776
2018-05-27;1234;884,989248
2018-05-28;1234;1012,838112
2018-05-29;1234;1088,204832
2018-05-30;1234;1053,061152
2018-05-31;1234;1385,278752
2018-06-01;1234;1374,941568
2018-06-02;1234;1280,712576
2018-06-03;1234;916,769568
2018-06-04;1234;1273,75248
2018-06-05;1234;1024,7952
2018-06-06;1234;1167,209472
2018-06-07;1234;1144,283712
2018-06-08;1234;1202,751264
2018-06-09;1234;1191,068736
2018-06-10;1234;970,693152
2018-06-11;1234;1126,766784
2018-06-12;1234;1258,843872
2018-06-13;1234;1230,09744
2018-06-14;1234;1226,033952
2018-06-15;1234;1420,902912
2018-06-16;1234;1450,404384
2018-06-17;1234;971,036352
2018-06-18;1234;1376,945856
2018-06-19;1234;1227,791136
2018-06-21;1234;1297,749024
2018-06-22;1234;1568,69856
2018-06-23;1234;1351,082304
2018-06-24;1234;1123,01904
2018-06-25;1234;1262,35824
2018-06-26;1234;1218,895392
2018-06-27;1234;1038,372192
2018-06-28;1234;1219,773984
2018-06-29;1234;1235,890656
2018-06-30;1234;1417,910208
2018-07-01;1234;884,261664
2018-07-02;1234;1166,976096
2018-07-03;1234;1225,690752
2018-07-04;1234;1166,495616
2018-07-05;1234;1227,914688
2018-07-06;1234;1332,384768
2018-07-07;1234;1267,588608
2018-07-08;1234;797,349696
2018-07-09;1234;917,112768
2018-07-10;1234;1202,02368
2018-07-11;1234;1088,410752
2018-07-12;1234;1100,752224
2018-07-13;1234;1271,720736
2018-07-14;1234;1026,332736
2018-07-15;1234;696,544992
2018-07-16;1234;1045,744128
2018-07-17;1234;1091,087712
2018-07-18;1234;959,5872
2018-07-19;1234;955,853184
2018-07-20;1234;1161,622176
2018-07-21;1234;1056,685344
2018-07-22;1234;759,858528
2018-07-23;1234;943,31952
2018-07-24;1234;968,386848
2018-07-25;1234;876,793632
2018-07-26;1234;826,178496
2018-07-27;1234;989,967264
2018-07-28;1234;1010,10624
2018-07-29;1234;769,72896
2018-07-30;1234;950,224704
2018-07-31;1234;941,150496
2018-08-01;1234;799,669728
2018-08-02;1234;942,386016
2018-08-03;1234;1101,520992
2018-08-04;1234;933,91584
2018-08-05;1234;705,75648
2018-08-06;1234;987,18048
2018-08-07;1234;768,768
2018-08-08;1234;714,089376
2018-08-09;1234;949,90896
2018-08-10;1234;1095,865056
2018-08-11;1234;951,171936
2018-08-12;1234;766,29696
2018-08-13;1234;1018,658784
2018-08-14;1234;980,687136
2018-08-15;1234;1083,262752
2018-08-16;1234;980,24784
2018-08-17;1234;1059,225024
2018-08-18;1234;1047,597408
2018-08-19;1234;895,710816
2018-08-20;1234;1084,99248
2018-08-21;1234;1122,456192
2018-08-22;1234;1072,445088
2018-08-23;1234;1072,129344
2018-08-25;1234;1143,171744
2018-08-26;1234;925,377024
2018-08-27;1234;1030,066752
2018-08-28;1234;1000,482912
2018-08-29;1234;862,996992
2018-08-30;1234;1059,005376
2018-08-31;1234;1104,184224
2018-09-01;1234;1303,967808
2018-09-02;1234;939,324672
2018-09-03;1234;1154,373792
2018-09-04;1234;1037,891712
2018-09-05;1234;1022,94192
2018-09-06;1234;1015,309152
2018-09-07;1234;1136,74704
2018-09-08;1234;1077,771552
2018-09-09;1234;805,641408
2018-09-10;1234;1059,856512
2018-09-11;1234;1090,030656
2018-09-12;1234;1033,896864
2018-09-13;1234;1171,396512
2018-09-14;1234;1217,316672
2018-09-15;1234;1270,773504
2018-09-16;1234;832,767936
2018-09-17;1234;1087,079136
2018-09-18;1234;1050,26064
2018-09-19;1234;1087,271328
2018-09-20;1234;1005,122976
2018-09-21;1234;1302,389088
2018-09-22;1234;1133,273856
2018-09-23;1234;978,435744
2018-09-24;1234;1067,736384
2018-09-25;1234;1127,13744
2018-09-26;1234;1108,041792
2018-09-27;1234;1161,443712
2018-09-28;1234;1315,458144
2018-09-29;1234;1203,574944
2018-09-30;1234;795,345408
